id,column_id,serial_number,elevator_class,elevator_type,status,date_of_commissioning,date_of_last_inspection,inspection_certificate,information,notes,created_at,updated_at
1,1,CY80 9317 8225 T6TQ ZK5R PFKU FO6A,Excelium,Residential,Active,2017-05-19 08:35:51,2018-07-05 10:09:21,189314674-X,Decentralized encompassing strategy,Pellentesque eget nunc. Donec quis orci eget orci vehicula condimentum.,2016-05-16 16:34:11,2018-03-05 20:52:11
2,2,LB10 3957 HTZU ITHL EJDT ZQKF ERH7,Excelium,Corporate,Active,2017-09-21 13:00:34,2018-10-13 19:01:32,834383997-8,Digitized mission-critical support,Praesent id massa id nisl venenatis lacinia.,2017-01-14 23:48:08,2017-11-27 13:37:41
3,3,LB58 5435 NMYR OJLV E482 SQPB IQMH,Excelium,Commercial,Active,2017-06-09 06:33:08,2018-07-28 07:27:32,148092897-6,Multi-layered secondary customer loyalty,Aenean sit amet justo. Morbi ut odio.,2016-08-16 22:16:57,2019-02-09 15:05:01
4,4,SK44 9447 0168 0499 9399 5575,Premium,Hybrid,Active,2017-10-01 18:41:02,2018-08-14 01:01:26,252961814-3,Public-key stable service-desk,Integer a nibh. In quis justo.,2016-04-18 02:08:16,2018-05-10 23:40:04
5,5,MT78 OIFN 6841 9O2H 9C1H SNSM TTGE 85S,Excelium,Residential,Inactive,2017-08-23 19:03:30,2018-09-16 23:18:37,441073320-6,Reverse-engineered scalable access,Etiam justo.,2016-08-10 14:08:42,2018-09-04 04:38:34
6,6,CH22 4704 72ST BQWA OSME F,Excelium,Corporate,Active,2018-01-05 03:14:16,2018-07-12 14:32:54,826671079-1,Sharable actuating groupware,"In hac habitasse platea dictumst. Morbi vestibulum, velit id pretium iaculis, diam erat fermentum justo, nec condimentum neque sapien placerat ante.",2016-11-11 10:03:04,2018-06-21 03:55:33
7,7,DO74 RPKI 3128 9264 7633 4311 5159,Premium,Commercial,Active,2017-10-14 23:34:26,2018-10-10 23:20:04,379458422-8,Front-line bottom-line approach,Nunc rhoncus dui vel sem.,2016-07-03 04:50:33,2017-07-06 07:02:07
8,8,PT42 8093 1050 2317 8729 6047 5,Premium,Hybrid,Active,2016-07-25 04:28:11,2018-12-15 03:43:42,951397550-9,Balanced encompassing alliance,Donec semper sapien a libero.,2016-12-29 23:29:28,2017-10-23 10:56:32
9,9,SI22 5365 0229 7305 395,Premium,Residential,Active,2016-04-14 22:33:29,2018-11-12 20:51:10,922346424-2,Front-line tertiary adapter,"Vestibulum ante ipsum primis in faucibus orci luctus et ultrices posuere cubilia Curae; Donec pharetra, magna vestibulum aliquet ultrices, erat tortor sollicitudin mi, sit amet lobortis sapien sapien non mi. Integer ac neque.",2017-02-06 18:52:35,2018-07-29 14:06:50
10,10,GE80 FB85 2154 4244 4293 38,Standard,Corporate,Active,2017-09-01 19:54:39,2018-12-27 16:26:30,742011958-9,Up-sized interactive moratorium,Aliquam erat volutpat. In congue.,2016-09-23 00:07:01,2017-07-19 03:02:19
11,11,BH76 FQNL HN1X HIDU KKJB JQ,Premium,Commercial,Active,2017-10-25 00:58:10,2019-01-24 02:19:46,900263520-6,Profit-focused even-keeled local area network,Duis bibendum. Morbi non quam nec dui luctus rutrum.,2016-09-28 07:59:59,2018-10-27 15:52:37
12,12,FR26 9180 0527 58MM O8GY WYF7 C58,Premium,Hybrid,Active,2016-10-23 10:52:16,2018-09-18 15:09:08,504165922-2,Enhanced explicit array,Duis at velit eu est congue elementum.,2017-02-01 01:27:43,2018-01-21 11:12:18
13,13,ES27 8883 7366 1915 9120 0601,Excelium,Residential,Active,2017-10-03 16:08:06,2018-09-10 00:15:15,946503105-4,Persistent static archive,"Vestibulum quam sapien, varius ut, blandit non, interdum in, ante. Vestibulum ante ipsum primis in faucibus orci luctus et ultrices posuere cubilia Curae; Duis faucibus accumsan odio.",2016-10-15 05:26:50,2017-09-17 00:12:13
14,14,FR35 2649 1088 49N6 2CSW P0I7 418,Premium,Corporate,Active,2016-12-06 03:28:14,2018-08-16 08:41:34,465726043-X,Fundamental analyzing approach,Vestibulum ante ipsum primis in faucibus orci luctus et ultrices posuere cubilia Curae; Duis faucibus accumsan odio. Curabitur convallis.,2017-04-06 22:43:59,2017-07-06 04:20:26
15,15,LB96 9964 G5OX D5N8 BRGD FL2Y KXMI,Standard,Commercial,Active,2016-06-15 17:54:22,2018-10-10 21:25:41,892007506-9,Down-sized actuating focus group,Praesent blandit lacinia erat.,2016-08-18 16:29:07,2018-05-20 06:26:50
16,16,MR06 0442 3415 3265 0748 3325 664,Premium,Hybrid,Active,2017-08-14 20:03:24,2018-12-11 10:39:58,132098996-9,Down-sized systematic encryption,Ut at dolor quis odio consequat varius.,2016-09-03 18:54:05,2017-09-12 01:11:40
17,17,BG88 FAOY 2446 87C8 G7DH PT,Standard,Residential,Active,2017-12-18 05:06:21,2019-02-02 18:39:10,575721069-9,User-centric actuating collaboration,Donec dapibus.,2017-05-16 04:07:57,2017-09-11 20:54:06
18,18,AD05 3745 0924 TKS1 HTVP CLNI,Standard,Corporate,Active,2018-02-21 21:00:13,2018-06-17 22:40:30,403616029-X,Operative explicit budgetary management,Sed ante. Vivamus tortor.,2016-08-20 06:58:10,2018-03-10 19:55:32
19,19,FR94 2520 6516 13EA JIW3 56SR Z12,Standard,Commercial,Active,2017-02-14 14:04:43,2018-12-07 06:12:28,352384113-5,Digitized foreground internet solution,Aenean auctor gravida sem. Praesent id massa id nisl venenatis lacinia.,2016-11-18 01:45:30,2018-01-04 20:31:11
20,20,LU10 633W GCYL IPOZ LR4U,Premium,Hybrid,Active,2016-05-05 00:36:20,2019-01-29 13:24:53,000384826-4,Decentralized interactive complexity,Etiam pretium iaculis justo.,2016-12-05 00:40:40,2018-09-03 03:33:47
21,21,PT93 3513 5661 5152 9347 7149 5,Standard,Residential,Active,2017-08-05 10:54:30,2019-01-23 06:16:55,706977677-2,Implemented encompassing capability,Morbi non lectus.,2016-10-05 17:38:40,2018-02-18 15:05:48
22,22,AL93 7069 2254 LIBE 5PHC ZCSM 5OOX,Standard,Corporate,Active,2017-04-27 08:34:59,2018-08-31 15:12:34,587967961-6,Upgradable optimizing software,Integer tincidunt ante vel ipsum.,2017-03-21 03:59:14,2018-11-04 02:42:49
23,23,IT27 A717 2631 2996 TY38 IGMP EIP,Premium,Commercial,Active,2016-06-29 07:14:33,2018-10-23 16:40:52,160974988-X,Front-line asynchronous alliance,Etiam pretium iaculis justo.,2016-12-18 23:41:16,2017-10-18 01:03:04
24,24,MD61 JYVQ TIQB ALSD PMQZ CED7,Standard,Hybrid,Active,2017-08-07 14:45:24,2018-10-15 15:21:08,153804058-1,Programmable incremental knowledge user,Etiam pretium iaculis justo. In hac habitasse platea dictumst.,2016-12-16 03:11:42,2018-07-20 08:14:09
25,25,MC64 7070 2000 38ZN 5L7C C9VT B51,Excelium,Residential,Active,2016-03-23 20:56:58,2018-09-02 23:53:34,910780576-4,Team-oriented multi-tasking help-desk,Maecenas rhoncus aliquam lacus. Morbi quis tortor id nulla ultrices aliquet.,2017-04-26 03:43:31,2018-10-09 04:34:49
26,26,HR16 1940 0087 6684 4924 2,Standard,Corporate,Active,2016-09-16 03:20:34,2018-06-15 21:41:33,662324606-1,Reverse-engineered intangible framework,"Vestibulum ante ipsum primis in faucibus orci luctus et ultrices posuere cubilia Curae; Nulla dapibus dolor vel est. Donec odio justo, sollicitudin ut, suscipit a, feugiat et, eros.",2016-06-22 19:57:21,2018-05-31 20:36:46
27,27,GT07 HBIS O4I2 ATJQ J0TH QJR4 RWH4,Excelium,Commercial,Active,2017-06-29 18:48:17,2018-12-28 17:34:04,752293826-0,Seamless 24 hour website,Morbi a ipsum. Integer a nibh.,2016-04-09 02:02:00,2017-10-14 14:22:51
28,28,ME77 9466 4817 4380 6769 35,Premium,Hybrid,Active,2016-04-02 16:06:59,2018-09-23 08:55:40,579070346-1,Up-sized eco-centric capacity,In hac habitasse platea dictumst. Etiam faucibus cursus urna.,2017-01-09 01:17:11,2017-11-28 07:27:40
29,29,FR46 4164 0227 26JZ 8HS2 GGZW P33,Premium,Residential,Active,2016-10-08 06:10:42,2018-10-11 10:45:10,907565331-X,Integrated bandwidth-monitored parallelism,Curabitur at ipsum ac tellus semper interdum.,2017-04-30 12:49:00,2018-09-24 01:40:11
30,30,MK77 710R Z6RN V1DH 773,Standard,Corporate,Active,2016-05-10 10:28:39,2018-07-28 21:26:46,064606192-5,Enterprise-wide web-enabled application,Ut at dolor quis odio consequat varius.,2016-07-13 07:00:59,2017-07-27 00:19:41
31,31,TN41 9722 7994 9331 9450 8341,Standard,Commercial,Active,2017-04-18 13:54:04,2018-08-20 02:16:04,673634077-2,Synergized interactive implementation,"Nunc nisl. Duis bibendum, felis sed interdum venenatis, turpis enim blandit mi, in porttitor pede justo eu massa.",2016-11-11 11:37:37,2018-04-21 09:27:07
32,32,RS23 2137 7379 6716 5487 93,Premium,Hybrid,Active,2018-01-19 16:01:19,2018-07-29 11:35:04,801650887-1,Ergonomic directional encryption,Vivamus tortor. Duis mattis egestas metus.,2017-03-02 07:38:00,2018-12-27 12:01:12
33,33,NO86 0104 6373 479,Premium,Residential,Active,2017-04-09 05:29:29,2019-02-17 20:37:00,365933030-2,Enhanced real-time methodology,Morbi porttitor lorem id ligula.,2016-12-14 04:31:50,2017-12-23 14:03:36
34,34,HR49 6922 8719 4535 1041 6,Premium,Corporate,Active,2017-07-31 04:57:54,2018-07-09 20:41:54,376716277-6,Customizable object-oriented analyzer,Nunc nisl.,2017-01-22 19:15:21,2018-04-11 11:14:04
35,35,FO91 1673 7089 1458 43,Excelium,Commercial,Active,2017-09-22 18:41:36,2018-10-20 10:18:15,222867261-0,Managed local frame,Proin eu mi. Nulla ac enim.,2016-04-15 17:04:22,2018-05-15 23:19:40
36,36,AT84 8179 8672 1623 6365,Excelium,Hybrid,Active,2017-11-23 16:41:01,2018-12-11 07:06:14,912363610-6,Configurable upward-trending flexibility,Integer a nibh.,2016-06-09 05:45:59,2019-01-06 20:51:08
37,37,FR87 1902 0382 542U TRZ2 PNE0 D81,Premium,Residential,Active,2016-11-27 08:34:14,2019-03-09 23:17:43,335277432-3,Future-proofed web-enabled forecast,"Maecenas tristique, est et tempus semper, est quam pharetra magna, ac consequat metus sapien ut nunc. Vestibulum ante ipsum primis in faucibus orci luctus et ultrices posuere cubilia Curae; Mauris viverra diam vitae quam.",2017-03-08 09:57:28,2018-01-05 12:52:40
38,38,NO67 0811 8617 340,Standard,Corporate,Active,2016-03-21 10:48:08,2018-09-14 09:05:13,966844428-0,Quality-focused asynchronous moratorium,Vestibulum sed magna at nunc commodo placerat.,2016-09-15 23:47:01,2018-05-29 22:18:52
39,39,NO31 8982 0500 929,Premium,Commercial,Active,2017-08-24 04:28:12,2019-02-04 23:29:48,901591785-X,Configurable holistic monitoring,"Lorem ipsum dolor sit amet, consectetuer adipiscing elit. Proin risus.",2016-10-29 20:37:31,2017-10-29 18:22:05
40,40,BE39 4891 5137 4163,Premium,Hybrid,Active,2017-08-05 03:55:50,2018-08-26 07:37:58,465850563-0,User-friendly logistical capacity,Ut tellus.,2016-06-06 14:22:58,2018-05-05 00:02:27
41,41,MC07 8175 3032 85XI J08L 6NGW E96,Premium,Residential,Active,2017-11-10 01:56:30,2018-11-20 13:29:56,192227492-5,Synergized solution-oriented capability,Curabitur convallis. Duis consequat dui nec nisi volutpat eleifend.,2016-12-12 13:13:36,2018-09-30 17:26:07
42,42,BA25 4054 2539 6870 5849,Standard,Corporate,Active,2018-01-31 10:43:48,2018-08-25 14:53:29,665290233-8,Re-engineered well-modulated migration,Nulla facilisi.,2017-03-30 14:36:40,2018-10-13 21:03:21
43,43,PS45 MMST MDKO MFVG TGB6 3T7I EDC1 H,Excelium,Commercial,Active,2017-11-09 08:21:25,2018-06-28 16:55:21,964908953-5,Stand-alone demand-driven help-desk,Pellentesque at nulla. Suspendisse potenti.,2016-08-23 05:57:01,2018-01-02 15:08:03
44,44,PT35 4735 1101 3843 2798 5436 6,Premium,Hybrid,Active,2017-02-21 08:37:05,2018-09-10 03:02:42,983827647-2,Quality-focused 3rd generation functionalities,Maecenas pulvinar lobortis est. Phasellus sit amet erat.,2017-03-22 23:02:54,2018-12-20 05:23:50
45,45,MT52 WEZE 4981 6UDF CAJA 4VFL CX3G JOL,Premium,Residential,Active,2016-05-21 11:52:05,2018-06-14 12:49:12,469420957-4,Visionary clear-thinking model,Integer a nibh.,2017-03-08 18:24:30,2018-04-05 22:59:21
46,46,GR78 2218 825D OCCW RAVK CQWV KLM,Excelium,Corporate,Active,2016-05-26 11:19:08,2018-10-20 01:53:33,519165894-9,Balanced attitude-oriented productivity,Ut tellus.,2017-05-07 03:25:23,2018-08-20 07:31:19
47,47,CH12 0249 5XBH MDIZ U8IU Z,Standard,Commercial,Active,2018-02-03 21:37:10,2018-07-23 08:39:53,226453012-X,Vision-oriented regional data-warehouse,"Morbi sem mauris, laoreet ut, rhoncus aliquet, pulvinar sed, nisl.",2016-07-27 14:44:59,2017-12-10 02:04:04
48,48,RS49 6076 7117 4627 2431 23,Excelium,Hybrid,Active,2017-06-08 15:57:03,2019-03-01 19:40:17,681903860-7,Ergonomic system-worthy initiative,Phasellus sit amet erat. Nulla tempus.,2017-04-21 10:57:36,2018-03-25 19:14:47
49,49,AZ31 BODD V3MP UR9K HKWG FN6K ZSAY,Standard,Residential,Active,2016-10-09 07:40:06,2018-11-05 17:14:54,619663725-8,Secured heuristic conglomeration,Nulla ut erat id mauris vulputate elementum.,2016-03-19 02:02:27,2018-11-19 20:32:02
50,50,LU02 756P TDJI XJOE FK7E,Excelium,Corporate,Active,2018-02-07 09:22:29,2019-01-28 05:32:58,942660071-X,Reduced local challenge,Morbi ut odio.,2017-01-13 01:14:00,2019-02-12 14:21:27
51,51,IT04 C045 5551 140I FDYB 5IFX TDY,Standard,Commercial,Active,2017-09-28 14:20:07,2019-01-11 23:46:45,617937770-7,Fundamental leading edge contingency,In eleifend quam a odio. In hac habitasse platea dictumst.,2016-04-09 13:00:41,2018-03-09 06:02:58
52,52,BR91 9064 5834 7996 8562 0385 980P 5,Standard,Hybrid,Active,2016-07-21 22:47:40,2018-11-02 16:42:55,538844153-9,Exclusive impactful complexity,"Praesent lectus. Vestibulum quam sapien, varius ut, blandit non, interdum in, ante.",2016-08-04 12:56:57,2017-11-01 10:12:46
53,53,GI08 RYZG MGR0 H87V ZDDO SUH,Premium,Residential,Active,2016-07-13 19:24:08,2018-10-29 22:50:51,437425655-5,Realigned secondary access,Praesent blandit lacinia erat. Vestibulum sed magna at nunc commodo placerat.,2017-06-02 14:54:04,2018-12-03 07:56:39
54,54,PK45 IPPW GD5P ZYXF GBQ1 4HBF,Excelium,Corporate,Inactive,2018-01-28 19:10:43,2018-11-25 07:35:55,040713404-2,Adaptive uniform artificial intelligence,Pellentesque ultrices mattis odio.,2016-06-30 10:06:25,2018-05-11 02:21:21
55,55,GR82 3936 265L 3MRJ VC14 9XQG EAW,Premium,Commercial,Active,2017-12-29 17:59:03,2018-10-21 10:26:31,383562539-X,Secured executive knowledge base,"Nam dui. Proin leo odio, porttitor id, consequat in, consequat ut, nulla.",2016-10-20 21:58:15,2018-10-07 03:17:28
56,56,AL76 1545 6171 8IV7 HHNM FPNN E8BC,Premium,Hybrid,Active,2016-12-14 23:19:18,2018-09-14 07:45:26,814943504-2,Streamlined heuristic projection,Integer ac leo.,2016-09-25 08:44:27,2017-09-24 18:30:33
57,57,SE11 8615 5797 5509 6103 7022,Premium,Residential,Active,2017-04-03 10:39:19,2018-08-02 19:41:13,935264098-5,Reactive eco-centric support,"Vestibulum ac est lacinia nisi venenatis tristique. Fusce congue, diam id ornare imperdiet, sapien urna pretium nisl, ut volutpat sapien arcu sed augue.",2016-08-17 19:16:24,2018-03-04 22:15:33
58,58,ES85 4044 5204 6915 1487 7546,Excelium,Corporate,Active,2016-10-04 15:18:31,2019-03-11 23:04:56,023216945-4,Automated mobile hub,Morbi a ipsum. Integer a nibh.,2016-06-22 22:25:16,2018-10-23 18:22:54
59,59,LB38 3879 4BTY LI1Z AEAH FUUM GGRW,Premium,Commercial,Active,2017-09-13 21:29:53,2018-12-12 14:49:24,765448017-2,User-centric maximized function,Fusce consequat. Nulla nisl.,2016-12-31 03:36:32,2018-08-19 04:31:02
60,60,IE32 CIDZ 2067 3216 6015 05,Standard,Hybrid,Active,2016-07-23 14:00:39,2019-02-03 09:54:51,508786713-8,Visionary dedicated contingency,Proin eu mi.,2017-06-06 00:35:10,2018-07-24 19:59:33
61,61,RO78 GIFF I1RW V0V9 TZKU G66L,Standard,Residential,Active,2017-08-15 22:30:58,2019-03-11 05:54:09,691533215-4,Optional neutral standardization,Nulla nisl. Nunc nisl.,2017-04-13 03:57:24,2018-06-26 19:33:28
62,62,CR34 7939 6321 0133 0680 1,Standard,Corporate,Active,2018-02-14 06:51:22,2018-07-18 02:03:08,798568870-6,Quality-focused zero defect application,"Maecenas tristique, est et tempus semper, est quam pharetra magna, ac consequat metus sapien ut nunc. Vestibulum ante ipsum primis in faucibus orci luctus et ultrices posuere cubilia Curae; Mauris viverra diam vitae quam.",2017-03-21 17:21:50,2017-08-05 05:55:12
63,63,BA55 5120 6695 6120 7698,Premium,Commercial,Active,2017-06-29 18:06:20,2018-09-30 21:01:58,956124861-1,Decentralized uniform implementation,Maecenas tincidunt lacus at velit. Vivamus vel nulla eget eros elementum pellentesque.,2016-04-07 15:09:58,2017-07-13 23:59:19
64,64,LU62 867I 2W9Q IFA1 ANFH,Premium,Hybrid,Active,2017-09-25 16:27:20,2018-07-26 23:25:45,194505674-6,Fundamental real-time product,Donec semper sapien a libero.,2017-04-07 08:08:02,2018-11-20 01:58:49
65,65,TN06 0881 0949 6974 3300 2785,Standard,Residential,Active,2016-11-21 16:15:00,2018-08-13 07:56:28,167713498-4,Right-sized bottom-line internet solution,"Lorem ipsum dolor sit amet, consectetuer adipiscing elit.",2016-11-12 10:11:10,2018-04-23 22:31:42
66,66,FR62 9284 7266 76S0 QSUS 1PL4 T19,Standard,Corporate,Active,2017-03-09 16:23:32,2018-08-07 20:21:34,886164729-4,Ameliorated directional hardware,"Nam nulla. Integer pede justo, lacinia eget, tincidunt eget, tempus vel, pede.",2016-11-23 06:49:42,2018-12-01 01:00:04
67,67,FR69 8962 3159 00SY YR88 ERZK Q20,Excelium,Commercial,Active,2017-01-31 20:56:21,2018-10-27 12:46:44,208826035-8,Reduced mobile system engine,In congue. Etiam justo.,2017-03-24 00:00:09,2018-07-05 17:54:22
68,68,ME65 4802 5575 5312 1361 86,Premium,Hybrid,Active,2016-10-28 08:33:57,2018-08-10 09:34:28,437740757-0,Seamless disintermediate knowledge base,Suspendisse potenti.,2016-03-25 10:06:16,2018-05-30 12:52:09
69,69,BG47 WQQC 7124 85AM 0XO0 L8,Excelium,Residential,Active,2017-01-29 14:55:52,2018-10-30 15:41:36,293918689-8,Managed 3rd generation matrices,Etiam pretium iaculis justo.,2016-03-27 05:53:54,2018-06-16 08:24:13
70,70,FO87 3412 3783 1374 53,Premium,Corporate,Active,2018-01-07 19:52:19,2018-06-20 15:34:00,638309660-5,Optional 3rd generation hub,Suspendisse potenti. Cras in purus eu magna vulputate luctus.,2017-03-05 14:17:02,2018-02-01 18:39:13
71,71,HR57 6307 1013 5585 8971 0,Standard,Commercial,Active,2018-02-15 21:13:51,2018-12-08 05:31:05,623194589-8,Optional next generation customer loyalty,"Nam ultrices, libero non mattis pulvinar, nulla pede ullamcorper augue, a suscipit nulla elit ac nulla.",2017-03-24 12:07:12,2019-02-01 16:08:50
72,72,VG93 PSLQ 1309 4759 9657 9029,Excelium,Hybrid,Active,2017-12-03 11:34:43,2018-12-21 01:09:56,448462809-0,Optimized real-time migration,Ut at dolor quis odio consequat varius. Integer ac leo.,2016-07-22 11:04:00,2018-04-25 23:51:48
73,73,KW77 SXTF GRHA HKKZ YY0C X3GX BCIM 9I,Premium,Residential,Active,2018-01-25 05:51:46,2018-08-31 06:19:37,700585161-7,Monitored dedicated website,Vestibulum sed magna at nunc commodo placerat. Praesent blandit.,2016-12-27 17:33:47,2017-07-09 22:20:58
74,74,TR30 1806 1CZ1 IZBC LBS2 FCOK LJ,Premium,Corporate,Active,2017-02-25 00:21:52,2018-08-18 18:53:23,818247811-1,Optimized bandwidth-monitored implementation,"Vivamus metus arcu, adipiscing molestie, hendrerit at, vulputate vitae, nisl.",2016-08-20 10:27:55,2018-10-01 06:43:31
75,75,IL40 1159 7982 1090 0611 572,Premium,Commercial,Active,2016-12-20 23:12:35,2018-09-26 18:48:27,061587649-8,Reverse-engineered hybrid help-desk,Donec ut dolor. Morbi vel lectus in quam fringilla rhoncus.,2016-09-28 06:16:17,2018-07-23 01:21:45
76,76,DO55 O7FT 3057 0076 8232 7636 6350,Premium,Hybrid,Active,2016-10-16 04:28:04,2018-12-24 19:24:02,170416773-6,Mandatory 4th generation knowledge user,Nulla suscipit ligula in lacus.,2016-07-14 04:16:14,2018-06-05 23:13:13
77,77,HU79 9156 1965 9962 7956 3454 5690,Standard,Residential,Active,2017-04-22 10:57:53,2018-12-18 03:56:30,733894913-1,Extended cohesive moratorium,"In blandit ultrices enim. Lorem ipsum dolor sit amet, consectetuer adipiscing elit.",2016-05-21 00:47:53,2018-04-18 01:01:40
78,78,LT49 7526 5426 3517 3898,Excelium,Corporate,Active,2016-06-02 19:47:15,2018-11-09 01:36:20,543618210-0,De-engineered national database,Nulla facilisi. Cras non velit nec nisi vulputate nonummy.,2017-06-01 05:58:18,2017-08-30 02:04:14
79,79,IE11 VLNX 6799 2871 8158 93,Excelium,Commercial,Active,2016-07-19 14:30:56,2018-06-29 11:31:11,469556963-9,User-centric object-oriented analyzer,"Quisque porta volutpat erat. Quisque erat eros, viverra eget, congue eget, semper rutrum, nulla.",2017-05-25 11:21:36,2018-10-23 08:04:40
80,80,FR08 2421 7156 61AK 75WZ J1XE F44,Excelium,Hybrid,Inactive,2016-12-06 00:49:27,2018-09-03 16:24:53,776412611-X,Exclusive bottom-line matrix,"Quisque arcu libero, rutrum ac, lobortis vel, dapibus at, diam. Nam tristique tortor eu pede.",2017-04-01 18:49:52,2018-03-19 18:44:04
81,81,FR60 0546 7288 91EA YFOO 7RKU P51,Premium,Residential,Active,2017-07-07 17:28:42,2018-12-31 14:10:41,815050699-3,Enterprise-wide stable internet solution,Proin interdum mauris non ligula pellentesque ultrices. Phasellus id sapien in sapien iaculis congue.,2016-10-27 17:21:00,2019-03-10 06:43:57
82,82,AZ93 ADKR 6SM3 HJD9 QUWT EUEN SD37,Premium,Corporate,Active,2016-10-17 23:31:30,2018-11-07 02:03:49,654124892-3,Progressive zero tolerance collaboration,Integer non velit.,2017-04-02 10:52:35,2019-02-06 03:46:08
83,83,PS53 VGGE KIGE N7VP T5EG B3SW VZNF Z,Standard,Commercial,Active,2018-02-14 04:07:44,2018-08-02 22:35:13,200492006-8,Inverse uniform workforce,"Donec odio justo, sollicitudin ut, suscipit a, feugiat et, eros.",2017-02-28 00:47:21,2019-01-09 08:10:33
84,84,SM70 B955 2640 723H ENO3 LZIK VJT,Excelium,Hybrid,Active,2016-11-10 20:49:05,2018-10-26 21:20:39,267798427-X,Seamless next generation data-warehouse,Phasellus in felis.,2017-04-16 06:59:12,2018-01-14 23:01:56
85,85,BH66 WMKY ZPR2 DWFA MLRK 3L,Standard,Residential,Active,2017-04-27 17:46:09,2018-12-01 14:04:16,698338339-7,Versatile global knowledge base,Nulla tellus. In sagittis dui vel nisl.,2017-01-06 11:27:36,2017-12-10 18:21:51
86,86,EE40 0488 1150 9284 9829,Excelium,Corporate,Active,2017-01-09 03:05:44,2018-11-08 04:14:30,354868523-4,Mandatory didactic monitoring,Duis at velit eu est congue elementum. In hac habitasse platea dictumst.,2016-10-09 22:07:30,2018-09-25 16:21:54
87,87,TR12 0271 6OY8 NELP H3OO 7W4L OT,Standard,Commercial,Active,2017-03-20 04:48:05,2019-02-16 00:14:48,189983274-2,Team-oriented dynamic framework,Suspendisse potenti.,2016-04-27 10:31:21,2019-01-12 00:52:36
88,88,MT14 CNKZ 4945 3BFA YHXS D7QC WYHH JX8,Premium,Hybrid,Active,2018-03-04 11:29:59,2018-12-02 12:09:13,651426243-0,Implemented optimizing time-frame,Quisque id justo sit amet sapien dignissim vestibulum.,2016-12-27 06:31:09,2018-09-15 07:56:11
89,89,NO54 1182 7195 973,Premium,Residential,Active,2017-01-28 21:59:23,2018-08-08 16:51:34,406106006-6,Inverse actuating time-frame,Suspendisse potenti. Cras in purus eu magna vulputate luctus.,2016-12-10 00:14:05,2019-01-12 01:24:51
90,90,LU29 410I MBZL 2YNW 7HVK,Excelium,Corporate,Active,2016-09-27 13:46:55,2019-01-13 20:08:46,411094978-5,Phased empowering alliance,"Proin leo odio, porttitor id, consequat in, consequat ut, nulla. Sed accumsan felis.",2016-11-11 14:02:42,2017-10-04 11:43:24
91,91,IT18 A840 0576 059Z PEAS BY4V 98X,Standard,Commercial,Active,2017-05-11 19:46:16,2018-11-07 04:10:22,435621284-3,Decentralized full-range data-warehouse,"Cras mi pede, malesuada in, imperdiet et, commodo vulputate, justo.",2016-10-23 00:57:13,2018-08-03 00:00:21
92,92,MR38 1254 2180 0913 0525 3614 011,Excelium,Hybrid,Active,2016-09-17 10:36:02,2019-03-04 15:01:26,232810708-7,Streamlined 3rd generation synergy,Maecenas tincidunt lacus at velit.,2016-05-03 07:38:19,2018-01-24 03:43:28
93,93,MR14 4372 6889 1974 1406 1251 038,Premium,Residential,Active,2017-11-08 09:31:08,2018-09-07 07:33:39,078705275-2,Configurable scalable info-mediaries,Vivamus in felis eu sapien cursus vestibulum.,2016-03-27 13:33:40,2017-12-09 05:27:28
94,94,MC28 8169 7443 40MQ 9SL5 KOWS E38,Excelium,Corporate,Active,2018-01-29 22:22:32,2018-09-16 19:24:42,526411130-8,Future-proofed demand-driven workforce,Donec semper sapien a libero.,2016-12-03 12:50:56,2017-07-24 23:13:36
95,95,FR85 8158 7265 95QV HAGZ DYR4 M92,Premium,Commercial,Active,2017-09-22 16:04:48,2018-08-29 17:31:34,011013533-4,Mandatory 3rd generation capability,Vivamus in felis eu sapien cursus vestibulum. Proin eu mi.,2016-11-27 16:56:45,2018-01-25 20:55:20
96,96,FO12 4833 8601 2128 22,Excelium,Hybrid,Active,2016-09-11 15:08:34,2018-06-17 22:38:51,333048352-0,Open-architected context-sensitive emulation,In hac habitasse platea dictumst.,2017-02-20 12:18:50,2018-09-27 04:22:14
97,97,GB38 SBCU 1456 3357 4451 46,Premium,Residential,Active,2016-06-14 01:30:37,2019-03-08 17:51:52,759526440-5,Centralized asynchronous knowledge base,Nullam porttitor lacus at turpis. Donec posuere metus vitae ipsum.,2016-04-07 23:03:52,2018-08-08 19:55:22
98,98,GI12 DVOM METC Q2EO QLOF MBA,Excelium,Corporate,Active,2016-06-11 23:27:40,2018-11-12 16:12:23,285357499-7,User-centric motivating utilisation,"Mauris enim leo, rhoncus sed, vestibulum sit amet, cursus id, turpis. Integer aliquet, massa id lobortis convallis, tortor risus dapibus augue, vel accumsan tellus nisi eu orci.",2016-05-18 16:27:56,2018-09-04 14:36:42
99,99,PK37 TCTT 2LWK SNTS C9GR W71T,Premium,Commercial,Inactive,2017-10-19 22:39:52,2019-02-02 11:24:03,248568493-6,Optional didactic product,Etiam faucibus cursus urna. Ut tellus.,2016-09-09 07:38:22,2019-02-11 18:53:00
100,100,FR97 6394 0888 94MI Z876 21ML W10,Standard,Hybrid,Active,2016-12-23 02:21:05,2018-09-20 08:49:26,751541690-4,Configurable holistic forecast,"Fusce congue, diam id ornare imperdiet, sapien urna pretium nisl, ut volutpat sapien arcu sed augue.",2016-09-17 09:45:34,2018-09-18 18:59:15
101,101,CY21 4019 4775 79VL HEIX D5S9 SG35,Standard,Residential,Active,2017-12-08 17:48:15,2018-09-18 14:10:25,764167010-5,Face to face directional solution,Duis bibendum.,2017-06-10 16:13:09,2018-10-14 11:45:23
102,102,FO08 8838 0236 9676 76,Standard,Corporate,Active,2016-11-22 19:37:59,2019-02-08 00:07:54,138899248-5,Cross-platform mobile collaboration,"Nulla ac enim. In tempor, turpis nec euismod scelerisque, quam turpis adipiscing lorem, vitae mattis nibh ligula nec sem.",2016-05-30 10:02:57,2018-09-17 18:41:23
103,103,GR25 9178 469G QKCQ MICH GEWV LQC,Standard,Commercial,Active,2016-03-24 17:46:59,2019-02-17 20:31:14,809450667-9,Profit-focused motivating neural-net,Morbi a ipsum.,2017-03-11 18:02:29,2019-01-24 06:04:45
104,104,FO10 6495 5428 5342 81,Standard,Hybrid,Active,2016-05-15 04:38:01,2019-02-22 09:32:34,431141437-4,Stand-alone background forecast,Duis bibendum. Morbi non quam nec dui luctus rutrum.,2017-01-13 13:05:52,2018-01-21 07:27:47
105,105,SA21 129L CUXH JFBA B2TJ IZKB,Premium,Residential,Active,2017-03-01 21:21:40,2018-10-28 06:30:56,031339021-5,Seamless secondary database,"Quisque arcu libero, rutrum ac, lobortis vel, dapibus at, diam. Nam tristique tortor eu pede.",2016-03-20 18:17:07,2018-11-09 02:56:35
106,106,PK24 TPRV MGNE R94H TC7R XHAX,Premium,Corporate,Active,2017-03-28 07:57:10,2018-09-19 22:38:57,164731343-0,Re-engineered stable circuit,"Morbi quis tortor id nulla ultrices aliquet. Maecenas leo odio, condimentum id, luctus nec, molestie sed, justo.",2016-09-03 15:45:41,2018-09-29 12:52:13
107,107,ME05 7668 3149 8459 6560 78,Premium,Commercial,Active,2016-10-22 02:13:54,2018-09-08 06:42:48,471593322-5,Secured regional methodology,Fusce consequat. Nulla nisl.,2016-05-15 23:30:53,2019-01-07 00:07:36
108,108,LT61 5815 4425 8948 7556,Premium,Hybrid,Active,2018-02-26 13:44:56,2019-03-06 21:26:50,385979409-4,Mandatory multi-state monitoring,Pellentesque eget nunc. Donec quis orci eget orci vehicula condimentum.,2017-03-04 09:19:01,2018-05-24 04:54:30
109,109,NO33 2782 5892 127,Excelium,Residential,Active,2018-03-07 22:46:16,2018-12-27 19:14:08,839913122-9,Reduced explicit contingency,In hac habitasse platea dictumst.,2017-04-17 18:58:39,2017-12-29 04:37:32
110,110,MT03 OWWR 7561 3Z6H MACP SOQI O9UU GBV,Excelium,Corporate,Active,2016-10-09 09:35:37,2019-01-19 10:04:53,624267022-4,Balanced motivating pricing structure,Donec semper sapien a libero.,2017-05-14 20:04:20,2018-12-22 14:33:41
111,111,LT49 7616 2497 6449 8208,Standard,Commercial,Active,2018-03-09 09:43:18,2018-11-19 05:49:00,226335285-6,Secured hybrid local area network,Aenean lectus. Pellentesque eget nunc.,2016-10-09 21:15:05,2018-10-20 16:51:51
112,112,PL36 4006 9868 7139 3668 5916 0396,Standard,Hybrid,Active,2016-10-30 06:42:43,2018-08-17 17:41:44,775351588-8,Devolved upward-trending customer loyalty,Mauris sit amet eros. Suspendisse accumsan tortor quis turpis.,2016-04-20 20:36:44,2017-09-09 13:43:45
113,113,AE40 1282 8196 3882 1316 822,Excelium,Residential,Active,2017-08-21 18:23:39,2018-07-06 21:46:33,508476389-7,Open-source didactic monitoring,Vivamus vel nulla eget eros elementum pellentesque. Quisque porta volutpat erat.,2016-08-04 08:53:35,2018-03-01 08:15:16
114,114,SA87 038O DEPB AI0H XWGY WZV4,Premium,Corporate,Active,2016-04-30 00:56:45,2019-01-26 15:48:40,899052707-4,De-engineered disintermediate attitude,"In hac habitasse platea dictumst. Morbi vestibulum, velit id pretium iaculis, diam erat fermentum justo, nec condimentum neque sapien placerat ante.",2016-07-24 01:30:23,2017-07-15 17:26:26
115,115,LV92 LDYN IZYQ BSOS XJGC U,Premium,Commercial,Active,2016-05-08 16:21:24,2019-01-25 09:53:45,376489790-2,Grass-roots asymmetric contingency,Cras non velit nec nisi vulputate nonummy.,2016-07-11 08:47:19,2019-02-11 22:58:46
116,116,GB88 XUGT 7708 6911 4915 15,Standard,Hybrid,Active,2016-09-28 10:00:02,2018-10-26 13:30:38,009160196-7,Triple-buffered demand-driven local area network,Morbi non lectus. Aliquam sit amet diam in magna bibendum imperdiet.,2017-03-04 22:35:00,2018-12-23 20:17:55
117,117,MC61 1608 1230 69FP N1A8 TJDS R30,Premium,Residential,Active,2017-12-29 00:24:00,2018-10-11 13:50:18,815263164-7,Integrated bi-directional flexibility,Suspendisse potenti.,2016-03-19 17:06:41,2017-06-15 17:07:57
118,118,FR40 1543 0358 42TW D8IR A81R M64,Standard,Corporate,Active,2017-07-28 01:23:20,2018-08-25 12:50:32,896176251-6,Networked clear-thinking hardware,"Integer pede justo, lacinia eget, tincidunt eget, tempus vel, pede.",2017-05-28 06:26:50,2018-06-13 02:49:10
119,119,FR45 5245 0061 60HQ 8X4D NBI4 A93,Premium,Commercial,Active,2017-09-04 06:34:23,2018-09-09 20:03:02,012041191-1,Networked global open system,Mauris lacinia sapien quis libero. Nullam sit amet turpis elementum ligula vehicula consequat.,2017-02-01 16:57:47,2017-12-09 10:25:06
120,120,DE70 2493 6648 4298 3885 74,Standard,Hybrid,Active,2016-09-01 20:49:15,2018-12-30 06:40:50,766572129-X,Cross-group stable functionalities,"Mauris enim leo, rhoncus sed, vestibulum sit amet, cursus id, turpis.",2016-04-15 09:46:25,2017-12-31 00:19:10
121,121,BA31 2865 3868 1003 2779,Excelium,Residential,Active,2017-07-06 20:07:16,2018-07-22 19:46:34,778628744-2,Reverse-engineered local benchmark,Pellentesque ultrices mattis odio. Donec vitae nisi.,2016-05-29 01:38:08,2019-01-12 11:16:31
122,122,FR31 0098 9600 52Y2 MSOY KI3U I98,Excelium,Corporate,Active,2016-11-13 07:39:09,2019-01-25 11:44:19,167838126-8,Profit-focused radical task-force,In eleifend quam a odio. In hac habitasse platea dictumst.,2017-03-06 18:27:52,2017-06-16 22:04:51
123,123,MT34 BBIO 1072 4VGI BG3T Y8QT VGJH B8V,Excelium,Commercial,Active,2016-05-15 12:19:36,2018-10-31 23:26:24,146883948-9,Upgradable responsive architecture,"Vestibulum ac est lacinia nisi venenatis tristique. Fusce congue, diam id ornare imperdiet, sapien urna pretium nisl, ut volutpat sapien arcu sed augue.",2017-04-10 17:43:30,2018-07-04 00:15:52
124,124,FR08 9361 2206 772D LVV7 XVEJ 496,Excelium,Hybrid,Active,2017-06-01 11:21:26,2018-08-15 23:55:12,704658831-7,Customer-focused discrete encoding,Duis consequat dui nec nisi volutpat eleifend.,2016-06-10 08:11:03,2018-10-09 02:17:56
125,125,CR85 2684 3553 4779 2102 8,Standard,Residential,Active,2016-07-16 00:16:13,2018-10-26 21:04:04,897349040-0,Streamlined fault-tolerant toolset,Duis aliquam convallis nunc.,2017-03-02 10:07:49,2017-08-31 01:24:15
126,126,BA97 9960 2538 7087 8760,Excelium,Corporate,Active,2016-07-23 00:05:45,2018-06-26 18:07:53,846946583-X,Assimilated well-modulated synergy,Maecenas tincidunt lacus at velit. Vivamus vel nulla eget eros elementum pellentesque.,2017-02-01 18:11:48,2018-07-13 15:20:44
127,127,DK47 1428 9070 0297 42,Premium,Commercial,Active,2016-06-14 18:30:59,2018-08-30 16:16:24,963622789-6,Inverse demand-driven toolset,Praesent id massa id nisl venenatis lacinia. Aenean sit amet justo.,2016-12-07 02:49:56,2018-03-12 10:04:20
128,128,LB56 3496 NRFN TX2D YGMV IEGN ZRGW,Excelium,Hybrid,Active,2016-09-06 00:43:29,2018-12-12 20:30:47,171603145-1,De-engineered holistic info-mediaries,"Nam congue, risus semper porta volutpat, quam pede lobortis ligula, sit amet eleifend pede libero quis orci. Nullam molestie nibh in lectus.",2017-06-09 00:33:33,2017-10-31 19:28:02
129,129,MR06 4110 8152 1562 0066 7940 508,Premium,Residential,Active,2017-03-04 05:17:35,2018-11-04 02:18:10,038084685-3,Profit-focused fresh-thinking complexity,Maecenas ut massa quis augue luctus tincidunt.,2016-10-29 12:35:34,2018-08-20 13:33:45
130,130,AT78 9567 1791 7602 8585,Premium,Corporate,Active,2018-02-08 06:15:50,2018-08-07 20:55:46,634461812-4,Profit-focused 6th generation attitude,"Nunc nisl. Duis bibendum, felis sed interdum venenatis, turpis enim blandit mi, in porttitor pede justo eu massa.",2016-07-12 04:41:41,2018-07-12 03:31:19
131,131,SE77 5125 6923 8278 6999 3692,Excelium,Commercial,Active,2016-09-16 23:16:59,2018-12-09 10:01:59,235758656-7,Polarised bi-directional capability,Donec dapibus.,2016-11-12 17:42:37,2018-09-23 09:54:26
132,132,FR37 9873 7738 77ME KQIA W5GL H67,Standard,Hybrid,Active,2016-04-13 09:36:28,2018-08-23 13:13:37,076181132-X,Digitized national Graphical User Interface,Maecenas pulvinar lobortis est. Phasellus sit amet erat.,2016-07-31 02:42:52,2017-08-04 04:44:54
133,133,AZ61 EACV TP5K EEDD DFGM 1YUN KKMO,Premium,Residential,Active,2016-09-01 21:49:40,2019-01-31 20:23:56,168829831-2,Compatible mobile solution,Duis at velit eu est congue elementum. In hac habitasse platea dictumst.,2016-04-19 22:29:08,2017-06-29 09:07:26
134,134,AE82 0586 8824 0029 1370 130,Standard,Corporate,Active,2017-05-27 18:57:38,2018-07-17 13:08:44,404714088-0,Public-key impactful groupware,Nullam sit amet turpis elementum ligula vehicula consequat. Morbi a ipsum.,2016-07-07 02:57:13,2017-09-19 08:29:03
135,135,KZ95 9488 1M12 KEO8 JVMA,Excelium,Commercial,Active,2017-01-04 21:56:32,2018-11-27 05:39:41,072246111-9,Realigned next generation benchmark,In blandit ultrices enim.,2016-11-03 13:39:00,2017-12-12 09:54:07
136,136,CZ72 1881 4863 9795 5599 3054,Standard,Hybrid,Active,2016-03-30 05:57:36,2018-09-18 23:06:09,078576260-4,Optimized systemic frame,Sed ante. Vivamus tortor.,2016-08-08 15:40:30,2019-01-18 19:29:10
137,137,GB50 NROK 6218 2289 8645 14,Premium,Residential,Active,2016-06-07 16:40:42,2018-07-04 12:41:54,734767875-7,Ameliorated systematic secured line,Morbi a ipsum. Integer a nibh.,2016-11-11 17:50:02,2018-03-18 05:38:28
138,138,IT45 Y529 3024 7199 UGVO ZUKD VLI,Premium,Corporate,Active,2017-06-28 18:16:31,2018-07-12 17:46:19,891810618-1,Stand-alone secondary workforce,Phasellus in felis. Donec semper sapien a libero.,2017-01-08 00:55:53,2017-09-18 22:11:54
139,139,FI06 7903 7616 2899 18,Premium,Commercial,Inactive,2016-09-22 23:37:41,2018-09-04 00:20:37,122994261-0,Open-source exuding circuit,Pellentesque at nulla. Suspendisse potenti.,2016-09-15 02:56:48,2019-01-17 23:31:03
140,140,RS50 4210 8876 9887 8629 23,Premium,Hybrid,Active,2018-01-11 23:59:14,2018-06-15 00:19:03,877049834-2,Compatible 5th generation methodology,"Fusce congue, diam id ornare imperdiet, sapien urna pretium nisl, ut volutpat sapien arcu sed augue.",2016-03-14 02:28:26,2018-11-05 23:11:29
141,141,ME85 2806 6456 5035 9285 74,Excelium,Residential,Active,2016-06-09 02:58:58,2019-02-23 05:46:59,291470766-5,Future-proofed non-volatile moderator,"Vestibulum ante ipsum primis in faucibus orci luctus et ultrices posuere cubilia Curae; Donec pharetra, magna vestibulum aliquet ultrices, erat tortor sollicitudin mi, sit amet lobortis sapien sapien non mi. Integer ac neque.",2016-10-25 20:04:25,2019-02-20 06:15:12
142,142,ME88 9115 9676 3307 4816 61,Standard,Corporate,Active,2016-10-04 04:51:33,2018-11-04 23:47:48,510704501-4,Upgradable content-based hierarchy,Aenean lectus.,2016-07-09 15:33:28,2017-08-01 19:21:26
143,143,BA14 0608 9064 9095 2083,Standard,Commercial,Active,2017-12-23 12:12:54,2019-01-09 04:07:01,143499868-1,Progressive clear-thinking archive,Nulla facilisi.,2016-06-16 13:41:01,2018-07-25 06:30:16
144,144,LV71 IVMY AU8L KWNN W8FM N,Premium,Hybrid,Active,2016-08-25 06:18:27,2019-02-06 17:22:05,215143748-5,Open-architected 4th generation hardware,"Suspendisse ornare consequat lectus. In est risus, auctor sed, tristique in, tempus sit amet, sem.",2017-01-11 04:52:37,2018-08-26 06:00:44
145,145,GL24 4381 1260 3946 46,Excelium,Residential,Active,2017-11-20 14:56:22,2018-07-02 10:14:46,728626291-2,Distributed clear-thinking methodology,Etiam vel augue. Vestibulum rutrum rutrum neque.,2016-07-19 17:54:22,2017-10-31 15:32:03
146,146,TN06 5724 8278 2641 2508 6025,Premium,Corporate,Active,2016-04-12 05:15:19,2019-01-23 09:25:44,090632176-X,Seamless radical help-desk,Morbi porttitor lorem id ligula. Suspendisse ornare consequat lectus.,2016-07-31 08:57:08,2018-09-09 21:22:37
147,147,GL97 8283 0276 9476 66,Excelium,Commercial,Active,2016-12-15 19:46:11,2018-06-14 23:55:18,965434802-0,Team-oriented homogeneous knowledge base,Duis at velit eu est congue elementum.,2016-08-14 19:40:19,2018-07-19 05:41:24
148,148,MD52 BM7J INRS 5YS3 RLZR 8XCK,Premium,Hybrid,Active,2017-06-20 19:06:07,2019-02-18 20:55:39,305360729-8,Progressive 3rd generation hub,Sed vel enim sit amet nunc viverra dapibus. Nulla suscipit ligula in lacus.,2017-01-11 03:56:43,2017-08-28 15:44:24
149,149,ES35 9802 1696 7452 7178 1600,Standard,Residential,Active,2017-02-08 09:06:37,2019-02-01 10:11:30,246349287-2,Compatible optimal emulation,Curabitur convallis. Duis consequat dui nec nisi volutpat eleifend.,2017-01-24 16:19:52,2018-11-05 06:45:23
150,150,MK45 318V BQJK HN6S V76,Standard,Corporate,Active,2017-09-12 13:28:36,2019-01-31 21:23:38,131559584-2,Right-sized interactive frame,Proin risus.,2016-07-10 04:09:45,2018-08-02 01:58:31
151,151,KW40 OFZQ SWDW 6MS6 4BSH O5QC O3KK AE,Premium,Commercial,Active,2017-06-07 11:50:27,2018-09-30 00:07:38,939582755-6,Business-focused systematic policy,Maecenas pulvinar lobortis est.,2017-02-12 02:12:34,2018-03-27 18:24:00
152,152,PL46 6668 9258 2872 2542 3231 8404,Standard,Hybrid,Active,2016-09-22 08:47:57,2019-02-12 12:57:32,858989250-6,Self-enabling even-keeled emulation,Duis mattis egestas metus.,2016-11-25 18:56:07,2018-10-29 18:17:21
153,153,KZ73 621P DLV1 NQ9A HO7Q,Standard,Residential,Active,2017-08-29 15:08:28,2019-01-24 21:48:08,472292529-1,Streamlined bi-directional ability,Nullam molestie nibh in lectus.,2016-09-18 03:39:02,2017-06-30 13:13:47
154,154,AT71 9900 7002 4421 7260,Excelium,Corporate,Active,2016-11-26 04:44:26,2018-07-19 10:53:30,140726299-8,Streamlined reciprocal hardware,Nullam varius.,2016-12-28 13:29:41,2018-07-26 20:08:51
155,155,CH07 7012 5GVL TVMY KKM7 M,Standard,Commercial,Active,2017-09-29 00:07:48,2019-03-01 14:13:40,429593371-6,Reduced national groupware,Integer a nibh.,2017-03-07 13:28:37,2018-01-04 11:03:39
156,156,DO11 ZZFK 7097 8101 8699 5675 0412,Standard,Hybrid,Active,2016-07-16 16:48:52,2018-09-30 03:29:13,879435084-1,Diverse methodical definition,"Maecenas leo odio, condimentum id, luctus nec, molestie sed, justo.",2016-08-09 11:54:13,2018-01-09 07:43:38
157,157,NO26 7357 0992 440,Excelium,Residential,Active,2017-03-07 02:28:03,2019-02-19 17:03:27,739635104-9,Profit-focused 3rd generation attitude,Aenean sit amet justo. Morbi ut odio.,2016-12-06 16:43:52,2018-05-30 18:10:51
158,158,AL82 2315 8337 RJPH 1YSW WAFJ KXB1,Excelium,Corporate,Active,2018-01-29 23:15:12,2018-11-27 09:25:37,558012199-7,Compatible modular hub,"Donec ut mauris eget massa tempor convallis. Nulla neque libero, convallis eget, eleifend luctus, ultricies eu, nibh.",2016-05-22 22:28:07,2018-08-26 13:07:39
159,159,BR77 3709 1247 3947 8571 8586 482U 4,Premium,Commercial,Active,2016-06-05 08:02:16,2018-07-06 05:02:25,377684758-1,Down-sized empowering process improvement,Sed accumsan felis. Ut at dolor quis odio consequat varius.,2017-01-24 16:36:41,2018-03-08 22:08:37
160,160,GB27 UFUT 5561 0941 2743 04,Premium,Hybrid,Active,2016-08-22 05:53:40,2018-08-19 21:15:13,851986985-8,Universal eco-centric challenge,Duis consequat dui nec nisi volutpat eleifend.,2016-11-01 02:44:02,2017-12-20 08:58:40
161,161,FR78 0983 2652 79KQ 7MGZ JIWX D86,Excelium,Residential,Active,2017-02-10 07:32:31,2018-06-21 08:58:42,637733857-0,Progressive logistical utilisation,"Donec odio justo, sollicitudin ut, suscipit a, feugiat et, eros. Vestibulum ac est lacinia nisi venenatis tristique.",2016-12-24 16:14:10,2017-08-29 19:56:31
162,162,FR16 3892 2917 91Q1 CQU0 XNQ9 P74,Excelium,Corporate,Active,2016-08-29 19:47:21,2018-08-17 02:32:02,002240402-3,Networked next generation policy,"Nullam orci pede, venenatis non, sodales sed, tincidunt eu, felis. Fusce posuere felis sed lacus.",2017-04-09 02:12:51,2019-02-10 21:20:45
163,163,MD84 ROLT 2P7R OYA9 98LA 6XEG,Standard,Commercial,Active,2016-11-01 16:56:50,2019-03-07 11:36:22,620913539-0,Customer-focused system-worthy functionalities,Nulla ut erat id mauris vulputate elementum. Nullam varius.,2017-04-12 06:15:46,2018-01-31 11:56:34
164,164,NL94 OMLX 2080 4575 31,Excelium,Hybrid,Active,2016-04-19 17:12:01,2018-08-21 23:32:34,827344819-3,Robust even-keeled website,Mauris lacinia sapien quis libero. Nullam sit amet turpis elementum ligula vehicula consequat.,2016-07-25 20:03:26,2018-04-24 03:26:54
165,165,EE51 8503 2261 7391 0945,Standard,Residential,Active,2016-12-29 04:57:24,2018-12-15 19:16:48,487435278-2,Implemented human-resource workforce,"Cum sociis natoque penatibus et magnis dis parturient montes, nascetur ridiculus mus. Vivamus vestibulum sagittis sapien.",2016-10-05 19:52:46,2018-01-17 23:21:42
166,166,AE93 0925 2090 9383 3847 306,Excelium,Corporate,Active,2016-08-15 10:04:24,2018-08-29 08:32:26,460435372-7,Team-oriented optimizing function,Vestibulum ante ipsum primis in faucibus orci luctus et ultrices posuere cubilia Curae; Nulla dapibus dolor vel est.,2017-03-05 02:40:01,2017-11-22 15:44:24
167,167,LV69 LTBG 3JNW KX7X MNIB M,Standard,Commercial,Active,2017-07-15 04:04:00,2018-08-08 19:26:49,690269721-3,Future-proofed uniform benchmark,Vivamus vel nulla eget eros elementum pellentesque. Quisque porta volutpat erat.,2017-02-25 18:04:44,2019-03-09 02:24:09
168,168,FR42 0795 6188 47Y5 8BXX VQHQ A72,Standard,Hybrid,Active,2017-07-04 23:12:58,2018-07-03 03:00:07,193873531-5,Monitored executive strategy,Integer ac leo. Pellentesque ultrices mattis odio.,2016-07-31 18:59:44,2018-09-03 18:57:20
169,169,MT12 JIKE 5663 8DPP LQTS STVE 2MY7 JL4,Standard,Residential,Active,2016-11-12 21:14:53,2018-10-02 14:50:00,152914277-6,Synergized radical intranet,Cras pellentesque volutpat dui.,2016-04-10 09:51:40,2018-10-13 21:03:17
170,170,BE12 5369 7317 0922,Premium,Corporate,Active,2016-10-19 01:12:32,2018-07-19 20:04:24,005324644-6,Seamless motivating collaboration,Aenean lectus. Pellentesque eget nunc.,2017-03-13 22:07:01,2018-08-13 03:06:31
171,171,LB31 9668 ZDLP DCAN UWOK ATGX D5AW,Premium,Commercial,Active,2016-03-30 21:49:09,2018-12-29 18:12:39,264992995-2,Profound local middleware,Phasellus sit amet erat. Nulla tempus.,2017-01-15 08:13:38,2018-09-29 15:19:01
172,172,LB91 2287 L1JH 6Z3B PE7R 2DK1 VMNJ,Standard,Hybrid,Active,2017-08-22 23:14:18,2019-03-10 20:34:56,451231265-X,Up-sized well-modulated info-mediaries,Donec ut dolor. Morbi vel lectus in quam fringilla rhoncus.,2017-01-13 21:34:36,2017-12-07 12:31:06
173,173,FR11 5347 0475 04EY LONZ OOEX L45,Standard,Residential,Active,2017-05-18 14:19:36,2018-08-19 02:35:19,389233325-4,Universal system-worthy intranet,Morbi non quam nec dui luctus rutrum.,2016-10-24 23:14:08,2019-01-23 02:07:42
174,174,AT72 8863 5876 3693 1068,Premium,Corporate,Active,2016-05-18 14:08:49,2018-11-29 01:30:56,341757989-9,Innovative coherent throughput,"Nam nulla. Integer pede justo, lacinia eget, tincidunt eget, tempus vel, pede.",2017-01-29 17:05:32,2018-11-20 04:37:39
175,175,MU70 UKRX 7181 3371 5351 9514 831C HQ,Excelium,Commercial,Active,2017-11-08 10:14:32,2019-02-11 03:00:03,441834592-2,Quality-focused fault-tolerant neural-net,Integer a nibh. In quis justo.,2016-09-15 20:41:38,2018-04-16 02:04:40
176,176,SI58 4967 9189 5292 803,Premium,Hybrid,Active,2016-09-25 18:00:04,2019-03-02 08:18:50,565057979-2,Extended web-enabled workforce,In hac habitasse platea dictumst.,2016-07-27 18:17:38,2017-12-19 00:00:04
177,177,FR29 6820 6244 03EG TI9J BZG9 H88,Excelium,Residential,Active,2017-10-18 12:10:57,2018-08-11 01:25:15,406341284-9,Persistent interactive neural-net,Donec quis orci eget orci vehicula condimentum.,2017-05-20 21:29:40,2018-08-09 16:10:16
178,178,CZ11 7086 3196 0774 8234 6081,Premium,Corporate,Active,2017-07-12 22:16:33,2018-08-23 16:46:25,430002330-1,Reactive neutral hardware,Curabitur at ipsum ac tellus semper interdum. Mauris ullamcorper purus sit amet nulla.,2017-05-29 15:27:22,2017-10-31 05:47:52
179,179,BR43 9398 0401 8678 7325 3574 416E E,Standard,Commercial,Active,2016-07-03 07:48:40,2018-10-06 14:47:51,646121539-5,Profound analyzing flexibility,"Morbi quis tortor id nulla ultrices aliquet. Maecenas leo odio, condimentum id, luctus nec, molestie sed, justo.",2017-02-27 06:37:11,2018-04-12 06:16:17
180,180,DK21 8199 5550 3494 75,Standard,Hybrid,Active,2017-09-15 01:53:26,2018-08-13 20:49:17,661433935-4,Expanded regional circuit,Nullam molestie nibh in lectus. Pellentesque at nulla.,2016-03-19 06:06:51,2018-04-04 22:05:46
181,181,FR79 0900 4192 73A8 PO1B BGEX H03,Premium,Residential,Active,2017-04-03 18:36:19,2018-10-13 04:08:03,961367240-0,Cross-group client-driven matrices,Ut tellus.,2016-12-21 16:33:01,2018-09-07 00:43:20
182,182,GI17 AWOQ HG4V D73F OIIJ NL0,Excelium,Corporate,Active,2017-03-17 23:22:47,2018-08-22 13:35:05,659995429-4,User-centric system-worthy installation,"Nulla neque libero, convallis eget, eleifend luctus, ultricies eu, nibh. Quisque id justo sit amet sapien dignissim vestibulum.",2016-06-25 03:51:41,2017-10-01 16:35:33
183,183,IL43 6728 5735 2207 7532 865,Excelium,Commercial,Active,2016-03-21 18:01:01,2018-07-26 18:33:02,097765196-7,Operative mobile forecast,Donec ut dolor. Morbi vel lectus in quam fringilla rhoncus.,2017-05-21 07:44:42,2017-09-03 01:43:58
184,184,IE26 ORMZ 2883 0972 5177 44,Premium,Hybrid,Active,2016-09-13 01:19:09,2018-07-04 10:38:17,305481211-1,Triple-buffered zero tolerance focus group,Aenean auctor gravida sem.,2016-04-17 00:36:01,2018-09-16 20:25:35
185,185,BE45 2170 2724 4449,Standard,Residential,Active,2018-02-03 09:29:48,2018-09-05 21:00:20,608628144-0,Configurable stable archive,"Nulla neque libero, convallis eget, eleifend luctus, ultricies eu, nibh.",2016-07-10 19:22:45,2018-05-12 06:03:40
186,186,BA86 2223 2683 5139 6029,Premium,Corporate,Intervention,2016-09-07 14:47:37,2018-11-14 22:14:37,339639873-4,Secured next generation orchestration,"Integer aliquet, massa id lobortis convallis, tortor risus dapibus augue, vel accumsan tellus nisi eu orci. Mauris lacinia sapien quis libero.",2016-09-12 16:14:42,2017-07-02 09:36:25
187,187,BH34 UFTT 5XE3 KUHP 5KNN ED,Standard,Commercial,Active,2016-04-06 08:05:13,2019-01-19 09:07:59,984974480-4,Multi-tiered leading edge workforce,Aenean auctor gravida sem. Praesent id massa id nisl venenatis lacinia.,2016-07-09 23:30:40,2017-10-19 19:40:35
188,188,FR15 6941 2310 03VY TLEW FNBN X66,Standard,Hybrid,Active,2017-05-30 13:33:33,2018-09-27 23:06:32,337493972-4,Open-source high-level implementation,Duis at velit eu est congue elementum.,2016-04-17 08:39:32,2018-05-19 13:05:25
189,189,AL02 4211 9211 QCJT AXTE YFN9 DLF8,Standard,Residential,Active,2016-07-09 05:56:40,2018-10-16 00:38:37,869345924-4,Streamlined systemic workforce,Sed ante.,2017-02-09 08:15:02,2018-11-18 13:58:57
190,190,AL71 5597 6096 4SJZ JM7B YXD6 WLV2,Standard,Corporate,Active,2017-01-11 16:57:59,2018-11-06 16:21:18,405651572-7,Automated object-oriented function,"Maecenas leo odio, condimentum id, luctus nec, molestie sed, justo. Pellentesque viverra pede ac diam.",2016-07-26 23:18:29,2017-09-06 18:22:30
191,191,HU61 0333 8223 1548 8166 2146 6901,Standard,Commercial,Active,2017-07-17 18:08:14,2018-06-13 06:50:57,875568424-6,Profit-focused full-range function,Duis aliquam convallis nunc. Proin at turpis a pede posuere nonummy.,2016-08-21 08:55:08,2018-03-05 13:58:32
192,192,HR07 8724 2321 4429 2448 9,Excelium,Hybrid,Active,2017-02-09 05:04:31,2018-08-28 21:55:28,182822837-0,Programmable dynamic concept,Morbi porttitor lorem id ligula. Suspendisse ornare consequat lectus.,2016-05-15 23:21:23,2018-08-22 08:41:18
193,193,AZ17 GZTX B0HC MYCQ N671 CLTF 19FP,Premium,Residential,Active,2017-05-17 07:23:32,2019-01-06 02:12:41,084471616-2,Phased intermediate orchestration,"Nam nulla. Integer pede justo, lacinia eget, tincidunt eget, tempus vel, pede.",2016-11-17 11:36:27,2018-12-30 13:19:51
194,194,FR10 1461 0521 188B OXYZ 9IXT F19,Excelium,Corporate,Active,2017-04-20 02:22:41,2018-06-29 11:06:52,798544225-1,Compatible discrete application,"Quisque arcu libero, rutrum ac, lobortis vel, dapibus at, diam.",2017-04-10 19:14:23,2018-01-18 11:57:02
195,195,AE04 0186 8438 5108 6837 973,Premium,Commercial,Active,2016-10-29 07:32:55,2018-12-31 05:49:29,852501223-8,Decentralized dedicated capacity,Nulla tempus. Vivamus in felis eu sapien cursus vestibulum.,2017-03-26 21:38:52,2018-04-15 10:17:56
196,196,FR83 6262 6628 04PA 7OPM CNL0 L90,Standard,Hybrid,Active,2017-05-14 01:41:50,2018-08-16 11:20:41,301808101-3,Streamlined discrete core,"Nulla neque libero, convallis eget, eleifend luctus, ultricies eu, nibh.",2016-10-21 02:40:49,2018-05-14 05:11:12
197,197,SA91 11CQ WPYR EWYI GHKA LLKK,Premium,Residential,Active,2016-05-09 16:38:59,2018-11-28 06:14:47,374643286-3,Centralized 24 hour leverage,"In hac habitasse platea dictumst. Morbi vestibulum, velit id pretium iaculis, diam erat fermentum justo, nec condimentum neque sapien placerat ante.",2017-05-13 20:33:36,2017-07-13 13:34:08
198,198,FR66 3096 3131 35DF WFE3 AZHS D88,Standard,Corporate,Active,2017-12-18 04:23:47,2018-12-16 12:33:48,720145964-3,Team-oriented incremental Graphical User Interface,Integer tincidunt ante vel ipsum.,2016-08-15 18:33:13,2018-05-22 00:31:44
199,199,GE62 JO50 2666 6431 4035 45,Premium,Commercial,Active,2018-01-15 01:29:39,2019-01-20 23:25:18,737720107-X,Multi-tiered content-based archive,Aliquam erat volutpat. In congue.,2016-08-03 11:48:59,2018-01-03 15:51:13
200,200,DO65 3V20 5522 7549 0014 8922 5085,Excelium,Hybrid,Intervention,2016-11-24 00:27:52,2019-01-19 06:22:27,907112311-1,Compatible multi-tasking Graphical User Interface,"Vestibulum ante ipsum primis in faucibus orci luctus et ultrices posuere cubilia Curae; Donec pharetra, magna vestibulum aliquet ultrices, erat tortor sollicitudin mi, sit amet lobortis sapien sapien non mi.",2016-05-01 04:34:35,2017-11-08 00:03:12