id,email,password_digest,first_name,last_name,title,created_at,updated_at
1,philippe.bouillon@codeboxx.biz,$2a$10$yVc/xUWfxLBE30hegXztN.XIslgWg4TjVQJLSUXZ8ZV5BJsW0iDGm,Philippe ,Bouillon,Comm Rep,5/1/2003,9/22/2018
2,felix-antoine.paradis@codeboxx.biz,$2a$10$yVc/xUWfxLBE30hegXztN.XIslgWg4TjVQJLSUXZ8ZV5BJsW0iDGm,Felix-Antoine ,Paradis,Engineer,1/6/2005,9/22/2018
3,remi.gagnon@codeboxx.biz,$2a$10$yVc/xUWfxLBE30hegXztN.XIslgWg4TjVQJLSUXZ8ZV5BJsW0iDGm,Remi ,Gagnon,Engineer,5/11/2002,9/22/2018
4,mathieu.lefrancois@codeboxx.biz,$2a$10$yVc/xUWfxLBE30hegXztN.XIslgWg4TjVQJLSUXZ8ZV5BJsW0iDGm,Mathieu,LeFrancois,Engineer,3/10/2007,9/22/2018
5,mathieu.houde@codeboxx.biz,$2a$10$yVc/xUWfxLBE30hegXztN.XIslgWg4TjVQJLSUXZ8ZV5BJsW0iDGm,Mathieu ,Houde,Engineer,10/6/2004,9/22/2018
6,serge.savoie@codeboxx.biz,$2a$10$yVc/xUWfxLBE30hegXztN.XIslgWg4TjVQJLSUXZ8ZV5BJsW0iDGm,Serge ,Savoie,Engineer,5/4/2015,9/22/2018
7,nadya.fortier@codeboxx.biz,$2a$10$yVc/xUWfxLBE30hegXztN.XIslgWg4TjVQJLSUXZ8ZV5BJsW0iDGm,Nadya ,Fortier,Director,3/3/2000,9/22/2018
8,cledson0@photobucket.com,$2a$10$yVc/xUWfxLBE30hegXztN.XIslgWg4TjVQJLSUXZ8ZV5BJsW0iDGm,Clary ,Ledson,Mechanic,12/5/2016 17:41,1/6/2018 12:51
9,lmc1@about.me,$2a$10$yVc/xUWfxLBE30hegXztN.XIslgWg4TjVQJLSUXZ8ZV5BJsW0iDGm,Lee ,Mc Pake,Mechanic,6/1/2016 16:24,12/9/2018 6:54
10,bgreeson2@imgur.com,$2a$10$yVc/xUWfxLBE30hegXztN.XIslgWg4TjVQJLSUXZ8ZV5BJsW0iDGm,Britte ,Greeson,Mechanic,9/11/2016 21:52,2/11/2019 14:11
11,itedahl3@yandex.ru,$2a$10$yVc/xUWfxLBE30hegXztN.XIslgWg4TjVQJLSUXZ8ZV5BJsW0iDGm,Jonathan ,Pagani,Designer,11/13/2016 3:05,5/8/2018 2:43
12,bshapland4@bbb.org,$2a$10$yVc/xUWfxLBE30hegXztN.XIslgWg4TjVQJLSUXZ8ZV5BJsW0iDGm,Bryana ,Shapland,Mechanic,12/18/2016 15:24,5/19/2018 22:44
13,measthope5@flickr.com,$2a$10$yVc/xUWfxLBE30hegXztN.XIslgWg4TjVQJLSUXZ8ZV5BJsW0iDGm,Michelina ,Easthope,Mechanic,8/10/2016 12:49,2/24/2018 8:03
14,getoverhere@konami.com,$2a$10$yVc/xUWfxLBE30hegXztN.XIslgWg4TjVQJLSUXZ8ZV5BJsW0iDGm,Simon ,Fortier,Designer,11/24/2016 19:04,10/15/2017 12:25
15,tparadyce7@webeden.co.uk,$2a$10$yVc/xUWfxLBE30hegXztN.XIslgWg4TjVQJLSUXZ8ZV5BJsW0iDGm,Tomlin ,Paradyce,Electrician,7/14/2016 11:33,9/16/2017 3:08
16,jblinman8@booking.com,$2a$10$yVc/xUWfxLBE30hegXztN.XIslgWg4TjVQJLSUXZ8ZV5BJsW0iDGm,Juliette ,Blinman,Electrician,7/7/2016 14:44,12/24/2017 13:37
17,nrapkins9@paginegialle.it,$2a$10$yVc/xUWfxLBE30hegXztN.XIslgWg4TjVQJLSUXZ8ZV5BJsW0iDGm,Nomi ,Rapkins,Electrician,7/21/2016 15:55,1/22/2019 8:25
18,samass@britney.com,$2a$10$yVc/xUWfxLBE30hegXztN.XIslgWg4TjVQJLSUXZ8ZV5BJsW0iDGm,Samuel ,Asselin,Designer,2/26/2017 19:55,4/11/2018 18:21
19,ahardcastleb@wsj.com,$2a$10$yVc/xUWfxLBE30hegXztN.XIslgWg4TjVQJLSUXZ8ZV5BJsW0iDGm,Alta ,Hardcastle,Electrician,8/13/2016 17:43,6/18/2017 14:15
20,eholcroftc@zimbio.com,$2a$10$yVc/xUWfxLBE30hegXztN.XIslgWg4TjVQJLSUXZ8ZV5BJsW0iDGm,Eben ,Holcroft,Electrician,9/4/2016 4:55,3/19/2018 17:56
21,woodyandbuzz3@forever.com,$2a$10$yVc/xUWfxLBE30hegXztN.XIslgWg4TjVQJLSUXZ8ZV5BJsW0iDGm,Woody ,Buzz,Electrician,10/8/2016 14:37,3/26/2018 20:32
22,chevy.chialar@deliciousdays.com,$2a$10$yVc/xUWfxLBE30hegXztN.XIslgWg4TjVQJLSUXZ8ZV5BJsW0iDGm,Gabriel ,Chevanel,Designer,9/24/2016 23:46,8/6/2018 13:30
23,mcanningf@bizjournals.com,$2a$10$yVc/xUWfxLBE30hegXztN.XIslgWg4TjVQJLSUXZ8ZV5BJsW0iDGm,Maddie ,Canning,Electrician,7/23/2016 18:07,8/30/2017 11:44
24,anafzigerg@reference.com,$2a$10$yVc/xUWfxLBE30hegXztN.XIslgWg4TjVQJLSUXZ8ZV5BJsW0iDGm,Alfonse ,Nafziger,Electrician,6/6/2017 3:31,12/17/2017 21:53
25,hleacockh@slideshare.net,$2a$10$yVc/xUWfxLBE30hegXztN.XIslgWg4TjVQJLSUXZ8ZV5BJsW0iDGm,Hilarius ,Leacock,Electrician,5/4/2017 19:19,12/19/2018 23:00
26,sracki@desdev.cn,$2a$10$yVc/xUWfxLBE30hegXztN.XIslgWg4TjVQJLSUXZ8ZV5BJsW0iDGm,Sile ,Rack,Electrician,5/14/2017 3:23,6/8/2018 1:14
27,csiburnj@godaddy.com,$2a$10$yVc/xUWfxLBE30hegXztN.XIslgWg4TjVQJLSUXZ8ZV5BJsW0iDGm,Colet ,Siburn,Electrician,5/15/2016 3:01,10/11/2018 6:15
28,mbohlingk@goodreads.com,$2a$10$yVc/xUWfxLBE30hegXztN.XIslgWg4TjVQJLSUXZ8ZV5BJsW0iDGm,Melina ,Bohling,Electrician,6/4/2017 10:16,11/27/2018 12:39
29,lbordonel@irs.gov,$2a$10$yVc/xUWfxLBE30hegXztN.XIslgWg4TjVQJLSUXZ8ZV5BJsW0iDGm,Luciana ,Bordone,Electrician,11/24/2016 13:05,7/4/2017 13:26
30,benson@wakanda.gov,$2a$10$yVc/xUWfxLBE30hegXztN.XIslgWg4TjVQJLSUXZ8ZV5BJsW0iDGm,Benson ,Patry,Electrician,12/4/2016 20:21,10/20/2017 1:44
31,hguidottin@cargocollective.com,$2a$10$yVc/xUWfxLBE30hegXztN.XIslgWg4TjVQJLSUXZ8ZV5BJsW0iDGm,Hollis ,Guidotti,Electrician,2/13/2017 4:42,12/12/2018 0:43
32,mherityo@mac.com,$2a$10$yVc/xUWfxLBE30hegXztN.XIslgWg4TjVQJLSUXZ8ZV5BJsW0iDGm,Morgen ,Herity,Electrician,8/10/2016 15:31,7/29/2018 17:29
33,lebourgeois@tuto.com,$2a$10$yVc/xUWfxLBE30hegXztN.XIslgWg4TjVQJLSUXZ8ZV5BJsW0iDGm,Martin ,Chantal,Mechanic,6/27/2016 22:59,7/27/2017 11:07
34,santonoczykq@sciencedaily.com,$2a$10$yVc/xUWfxLBE30hegXztN.XIslgWg4TjVQJLSUXZ8ZV5BJsW0iDGm,Scarface ,Antonoczyk,Mechanic,5/25/2016 17:02,3/6/2019 2:31
35,lmyottr@twitter.com,$2a$10$yVc/xUWfxLBE30hegXztN.XIslgWg4TjVQJLSUXZ8ZV5BJsW0iDGm,Leandra ,Myott,Mechanic,7/11/2016 8:10,9/10/2018 11:15
36,slydsters@ifeng.com,$2a$10$yVc/xUWfxLBE30hegXztN.XIslgWg4TjVQJLSUXZ8ZV5BJsW0iDGm,Svend ,Lydster,Mechanic,5/13/2017 0:21,1/8/2018 18:39
37,klevenskyt@altervista.org,$2a$10$yVc/xUWfxLBE30hegXztN.XIslgWg4TjVQJLSUXZ8ZV5BJsW0iDGm,Kathrine ,Levensky,Comm Rep,4/16/2017 2:47,11/9/2017 5:33
38,hjarad0@go.com,$2a$10$yVc/xUWfxLBE30hegXztN.XIslgWg4TjVQJLSUXZ8ZV5BJsW0iDGm,Ollie ,McDavid,Customer,1/16/2017 23:01,5/3/2018 10:25
39,mkubicki1@slashdot.org,$2a$10$yVc/xUWfxLBE30hegXztN.XIslgWg4TjVQJLSUXZ8ZV5BJsW0iDGm,Cyrille ,Chapiro,Customer,4/23/2016 2:38,7/23/2017 23:09
40,tlepard2@facebook.com,$2a$10$yVc/xUWfxLBE30hegXztN.XIslgWg4TjVQJLSUXZ8ZV5BJsW0iDGm,Alli ,Ormesher,Customer,11/14/2016 17:18,7/6/2018 15:45
41,ecorby3@google.ru,$2a$10$yVc/xUWfxLBE30hegXztN.XIslgWg4TjVQJLSUXZ8ZV5BJsW0iDGm,Hillery ,Dunsmuir,Customer,9/7/2016 18:12,11/17/2017 3:05
42,mhinzer4@bizjournals.com,$2a$10$yVc/xUWfxLBE30hegXztN.XIslgWg4TjVQJLSUXZ8ZV5BJsW0iDGm,Brock ,Durnford,Customer,1/12/2017 1:25,12/7/2017 7:47
43,ekehir5@ucoz.ru,$2a$10$yVc/xUWfxLBE30hegXztN.XIslgWg4TjVQJLSUXZ8ZV5BJsW0iDGm,Benedict ,Arend,Customer,12/8/2016 15:50,10/9/2017 21:32
44,awaterstone6@google.nl,$2a$10$yVc/xUWfxLBE30hegXztN.XIslgWg4TjVQJLSUXZ8ZV5BJsW0iDGm,Gusta ,Phettis,Customer,3/22/2016 13:03,8/2/2017 15:36
45,aquogan7@lulu.com,$2a$10$yVc/xUWfxLBE30hegXztN.XIslgWg4TjVQJLSUXZ8ZV5BJsW0iDGm,Adams ,Sowte,Customer,4/9/2016 11:46,9/17/2017 1:13
46,mmcdell8@homestead.com,$2a$10$yVc/xUWfxLBE30hegXztN.XIslgWg4TjVQJLSUXZ8ZV5BJsW0iDGm,Del ,Giorgi,Customer,5/11/2017 7:53,7/26/2017 18:27
47,dmcgrotty9@mediafire.com,$2a$10$yVc/xUWfxLBE30hegXztN.XIslgWg4TjVQJLSUXZ8ZV5BJsW0iDGm,Haleigh ,Bernardos,Customer,12/4/2016 19:56,12/17/2017 3:51
48,rtingeya@spotify.com,$2a$10$yVc/xUWfxLBE30hegXztN.XIslgWg4TjVQJLSUXZ8ZV5BJsW0iDGm,Katey ,Jupp,Customer,11/29/2016 1:29,12/10/2017 21:22
49,sdianob@alibaba.com,$2a$10$yVc/xUWfxLBE30hegXztN.XIslgWg4TjVQJLSUXZ8ZV5BJsW0iDGm,Justinn ,Kivlin,Customer,4/11/2017 3:35,7/28/2017 11:08
50,sfugglesc@ning.com,$2a$10$yVc/xUWfxLBE30hegXztN.XIslgWg4TjVQJLSUXZ8ZV5BJsW0iDGm,Howard ,Pitkins,Customer,10/9/2016 13:14,9/2/2018 10:33
51,vfealtyd@wikispaces.com,$2a$10$yVc/xUWfxLBE30hegXztN.XIslgWg4TjVQJLSUXZ8ZV5BJsW0iDGm,Maurine ,Southam,Customer,11/10/2016 4:12,4/20/2018 3:24
52,zeaglinge@spotify.com,$2a$10$yVc/xUWfxLBE30hegXztN.XIslgWg4TjVQJLSUXZ8ZV5BJsW0iDGm,Henrieta Argontt,,Customer,12/12/2016 18:14,7/18/2018 2:19
53,lkordesf@hibu.com,$2a$10$yVc/xUWfxLBE30hegXztN.XIslgWg4TjVQJLSUXZ8ZV5BJsW0iDGm,Kasper ,De Lascy,Customer,5/17/2017 1:06,8/25/2018 3:43
54,mvassmang@ask.com,$2a$10$yVc/xUWfxLBE30hegXztN.XIslgWg4TjVQJLSUXZ8ZV5BJsW0iDGm,Garth ,Sharrem,Customer,7/13/2016 12:19,8/16/2018 15:53
55,aouryh@msn.com,$2a$10$yVc/xUWfxLBE30hegXztN.XIslgWg4TjVQJLSUXZ8ZV5BJsW0iDGm,Bendicty ,Palphreyman,Customer,3/4/2017 17:18,1/23/2019 23:14
56,gbloisi@state.tx.us,$2a$10$yVc/xUWfxLBE30hegXztN.XIslgWg4TjVQJLSUXZ8ZV5BJsW0iDGm,Walden ,Phebee,Customer,11/25/2016 18:46,11/27/2017 20:13
57,kyandellj@ucoz.com,$2a$10$yVc/xUWfxLBE30hegXztN.XIslgWg4TjVQJLSUXZ8ZV5BJsW0iDGm,Sterling ,Jeune,Customer,2/28/2017 7:06,12/5/2017 4:07
58,cgodfroyk@meetup.com,$2a$10$yVc/xUWfxLBE30hegXztN.XIslgWg4TjVQJLSUXZ8ZV5BJsW0iDGm,Cammie ,Deevey,Customer,6/9/2016 10:14,10/26/2018 5:12
59,mhamsonl@yellowpages.com,$2a$10$yVc/xUWfxLBE30hegXztN.XIslgWg4TjVQJLSUXZ8ZV5BJsW0iDGm,Anya ,Adger,Customer,12/2/2016 5:58,8/23/2017 5:41
60,vbroadeym@smh.com.au,$2a$10$yVc/xUWfxLBE30hegXztN.XIslgWg4TjVQJLSUXZ8ZV5BJsW0iDGm,Mellisa ,Stothard,Customer,12/26/2016 22:40,7/10/2017 14:20
61,dskillicornn@independent.co.uk,$2a$10$yVc/xUWfxLBE30hegXztN.XIslgWg4TjVQJLSUXZ8ZV5BJsW0iDGm,Roxine ,Pounder,Customer,4/3/2016 12:16,12/24/2017 4:38
62,amaccaugheno@cam.ac.uk,$2a$10$yVc/xUWfxLBE30hegXztN.XIslgWg4TjVQJLSUXZ8ZV5BJsW0iDGm,Cymbre ,Andries,Customer,9/21/2016 19:32,8/27/2018 23:32
63,bmorriesonp@nifty.com,$2a$10$yVc/xUWfxLBE30hegXztN.XIslgWg4TjVQJLSUXZ8ZV5BJsW0iDGm,Gelya ,Domican,Customer,8/9/2016 20:21,7/3/2018 12:32
64,jarnallq@about.com,$2a$10$yVc/xUWfxLBE30hegXztN.XIslgWg4TjVQJLSUXZ8ZV5BJsW0iDGm,Estel ,Debrick,Customer,5/2/2017 8:09,2/2/2019 12:20
65,hferraraccior@barnesandnoble.com,$2a$10$yVc/xUWfxLBE30hegXztN.XIslgWg4TjVQJLSUXZ8ZV5BJsW0iDGm,Lowell ,Obee,Customer,10/16/2016 10:33,1/24/2019 9:01
66,blelliotts@mail.ru,$2a$10$yVc/xUWfxLBE30hegXztN.XIslgWg4TjVQJLSUXZ8ZV5BJsW0iDGm,Randi ,Seyler,Customer,9/5/2016 5:50,11/2/2018 2:29
67,amccallumt@hibu.com,$2a$10$yVc/xUWfxLBE30hegXztN.XIslgWg4TjVQJLSUXZ8ZV5BJsW0iDGm,Consalve ,Tompkin,Customer,9/26/2016 2:34,9/7/2017 20:00
68,adahleru@yahoo.com,$2a$10$yVc/xUWfxLBE30hegXztN.XIslgWg4TjVQJLSUXZ8ZV5BJsW0iDGm,Matthias ,Whordley,Customer,7/11/2016 14:43,5/17/2018 14:43
69,lhandasidev@booking.com,$2a$10$yVc/xUWfxLBE30hegXztN.XIslgWg4TjVQJLSUXZ8ZV5BJsW0iDGm,Peyton ,Sondon,Customer,1/17/2017 15:16,10/12/2018 0:57
70,srentonw@ebay.com,$2a$10$yVc/xUWfxLBE30hegXztN.XIslgWg4TjVQJLSUXZ8ZV5BJsW0iDGm,Heloise ,Doblin,Customer,2/21/2017 19:28,2/18/2018 1:04
71,philippe.bouillon@codeboxx.biz,$2a$10$yVc/xUWfxLBE30hegXztN.XIslgWg4TjVQJLSUXZ8ZV5BJsW0iDGm,Philippe ,Bouillon,Comm Rep,5/1/2003,9/22/2018
72,felix-antoine.paradis@codeboxx.biz,$2a$10$yVc/xUWfxLBE30hegXztN.XIslgWg4TjVQJLSUXZ8ZV5BJsW0iDGm,Felix-Antoine ,Paradis,Engineer,1/6/2005,9/22/2018
73,remi.gagnon@codeboxx.biz,$2a$10$yVc/xUWfxLBE30hegXztN.XIslgWg4TjVQJLSUXZ8ZV5BJsW0iDGm,Remi ,Gagnon,Engineer,5/11/2002,9/22/2018
74,mathieu.lefrancois@codeboxx.biz,$2a$10$yVc/xUWfxLBE30hegXztN.XIslgWg4TjVQJLSUXZ8ZV5BJsW0iDGm,Mathieu,LeFrancois,Engineer,3/10/2007,9/22/2018
75,mathieu.houde@codeboxx.biz,$2a$10$yVc/xUWfxLBE30hegXztN.XIslgWg4TjVQJLSUXZ8ZV5BJsW0iDGm,Mathieu ,Houde,Engineer,10/6/2004,9/22/2018
76,serge.savoie@codeboxx.biz,$2a$10$yVc/xUWfxLBE30hegXztN.XIslgWg4TjVQJLSUXZ8ZV5BJsW0iDGm,Serge ,Savoie,Engineer,5/4/2015,9/22/2018
77,nadya.fortier@codeboxx.biz,$2a$10$yVc/xUWfxLBE30hegXztN.XIslgWg4TjVQJLSUXZ8ZV5BJsW0iDGm,Nadya ,Fortier,Director,3/3/2000,9/22/2018
78,cledson0@photobucket.com,$2a$10$yVc/xUWfxLBE30hegXztN.XIslgWg4TjVQJLSUXZ8ZV5BJsW0iDGm,Clary ,Ledson,Mechanic,12/5/2016 17:41,1/6/2018 12:51
79,lmc1@about.me,$2a$10$yVc/xUWfxLBE30hegXztN.XIslgWg4TjVQJLSUXZ8ZV5BJsW0iDGm,Lee ,Mc Pake,Mechanic,6/1/2016 16:24,12/9/2018 6:54
80,bgreeson2@imgur.com,$2a$10$yVc/xUWfxLBE30hegXztN.XIslgWg4TjVQJLSUXZ8ZV5BJsW0iDGm,Britte ,Greeson,Mechanic,9/11/2016 21:52,2/11/2019 14:11
81,itedahl3@yandex.ru,$2a$10$yVc/xUWfxLBE30hegXztN.XIslgWg4TjVQJLSUXZ8ZV5BJsW0iDGm,Jonathan ,Pagani,Designer,11/13/2016 3:05,5/8/2018 2:43
82,bshapland4@bbb.org,$2a$10$yVc/xUWfxLBE30hegXztN.XIslgWg4TjVQJLSUXZ8ZV5BJsW0iDGm,Bryana ,Shapland,Mechanic,12/18/2016 15:24,5/19/2018 22:44
83,measthope5@flickr.com,$2a$10$yVc/xUWfxLBE30hegXztN.XIslgWg4TjVQJLSUXZ8ZV5BJsW0iDGm,Michelina ,Easthope,Mechanic,8/10/2016 12:49,2/24/2018 8:03
84,getoverhere@konami.com,$2a$10$yVc/xUWfxLBE30hegXztN.XIslgWg4TjVQJLSUXZ8ZV5BJsW0iDGm,Simon ,Fortier,Designer,11/24/2016 19:04,10/15/2017 12:25
85,tparadyce7@webeden.co.uk,$2a$10$yVc/xUWfxLBE30hegXztN.XIslgWg4TjVQJLSUXZ8ZV5BJsW0iDGm,Tomlin ,Paradyce,Electrician,7/14/2016 11:33,9/16/2017 3:08
86,jblinman8@booking.com,$2a$10$yVc/xUWfxLBE30hegXztN.XIslgWg4TjVQJLSUXZ8ZV5BJsW0iDGm,Juliette ,Blinman,Electrician,7/7/2016 14:44,12/24/2017 13:37
87,nrapkins9@paginegialle.it,$2a$10$yVc/xUWfxLBE30hegXztN.XIslgWg4TjVQJLSUXZ8ZV5BJsW0iDGm,Nomi ,Rapkins,Electrician,7/21/2016 15:55,1/22/2019 8:25
88,samass@britney.com,$2a$10$yVc/xUWfxLBE30hegXztN.XIslgWg4TjVQJLSUXZ8ZV5BJsW0iDGm,Samuel ,Asselin,Designer,2/26/2017 19:55,4/11/2018 18:21
89,ahardcastleb@wsj.com,$2a$10$yVc/xUWfxLBE30hegXztN.XIslgWg4TjVQJLSUXZ8ZV5BJsW0iDGm,Alta ,Hardcastle,Electrician,8/13/2016 17:43,6/18/2017 14:15
90,eholcroftc@zimbio.com,$2a$10$yVc/xUWfxLBE30hegXztN.XIslgWg4TjVQJLSUXZ8ZV5BJsW0iDGm,Eben ,Holcroft,Electrician,9/4/2016 4:55,3/19/2018 17:56
91,woodyandbuzz3@forever.com,$2a$10$yVc/xUWfxLBE30hegXztN.XIslgWg4TjVQJLSUXZ8ZV5BJsW0iDGm,Woody ,Buzz,Electrician,10/8/2016 14:37,3/26/2018 20:32
92,chevy.chialar@deliciousdays.com,$2a$10$yVc/xUWfxLBE30hegXztN.XIslgWg4TjVQJLSUXZ8ZV5BJsW0iDGm,Gabriel ,Chevanel,Designer,9/24/2016 23:46,8/6/2018 13:30
93,mcanningf@bizjournals.com,$2a$10$yVc/xUWfxLBE30hegXztN.XIslgWg4TjVQJLSUXZ8ZV5BJsW0iDGm,Maddie ,Canning,Electrician,7/23/2016 18:07,8/30/2017 11:44
94,anafzigerg@reference.com,$2a$10$yVc/xUWfxLBE30hegXztN.XIslgWg4TjVQJLSUXZ8ZV5BJsW0iDGm,Alfonse ,Nafziger,Electrician,6/6/2017 3:31,12/17/2017 21:53
95,hleacockh@slideshare.net,$2a$10$yVc/xUWfxLBE30hegXztN.XIslgWg4TjVQJLSUXZ8ZV5BJsW0iDGm,Hilarius ,Leacock,Electrician,5/4/2017 19:19,12/19/2018 23:00
96,sracki@desdev.cn,$2a$10$yVc/xUWfxLBE30hegXztN.XIslgWg4TjVQJLSUXZ8ZV5BJsW0iDGm,Sile ,Rack,Electrician,5/14/2017 3:23,6/8/2018 1:14
97,csiburnj@godaddy.com,$2a$10$yVc/xUWfxLBE30hegXztN.XIslgWg4TjVQJLSUXZ8ZV5BJsW0iDGm,Colet ,Siburn,Electrician,5/15/2016 3:01,10/11/2018 6:15
98,mbohlingk@goodreads.com,$2a$10$yVc/xUWfxLBE30hegXztN.XIslgWg4TjVQJLSUXZ8ZV5BJsW0iDGm,Melina ,Bohling,Electrician,6/4/2017 10:16,11/27/2018 12:39
99,lbordonel@irs.gov,$2a$10$yVc/xUWfxLBE30hegXztN.XIslgWg4TjVQJLSUXZ8ZV5BJsW0iDGm,Luciana ,Bordone,Electrician,11/24/2016 13:05,7/4/2017 13:26
100,benson@wakanda.gov,$2a$10$yVc/xUWfxLBE30hegXztN.XIslgWg4TjVQJLSUXZ8ZV5BJsW0iDGm,Benson ,Patry,Electrician,12/4/2016 20:21,10/20/2017 1:44
101,hguidottin@cargocollective.com,$2a$10$yVc/xUWfxLBE30hegXztN.XIslgWg4TjVQJLSUXZ8ZV5BJsW0iDGm,Hollis ,Guidotti,Electrician,2/13/2017 4:42,12/12/2018 0:43
102,mherityo@mac.com,$2a$10$yVc/xUWfxLBE30hegXztN.XIslgWg4TjVQJLSUXZ8ZV5BJsW0iDGm,Morgen ,Herity,Electrician,8/10/2016 15:31,7/29/2018 17:29
103,lebourgeois@tuto.com,$2a$10$yVc/xUWfxLBE30hegXztN.XIslgWg4TjVQJLSUXZ8ZV5BJsW0iDGm,Martin ,Chantal,Mechanic,6/27/2016 22:59,7/27/2017 11:07
104,santonoczykq@sciencedaily.com,$2a$10$yVc/xUWfxLBE30hegXztN.XIslgWg4TjVQJLSUXZ8ZV5BJsW0iDGm,Scarface ,Antonoczyk,Mechanic,5/25/2016 17:02,3/6/2019 2:31
105,lmyottr@twitter.com,$2a$10$yVc/xUWfxLBE30hegXztN.XIslgWg4TjVQJLSUXZ8ZV5BJsW0iDGm,Leandra ,Myott,Mechanic,7/11/2016 8:10,9/10/2018 11:15
106,slydsters@ifeng.com,$2a$10$yVc/xUWfxLBE30hegXztN.XIslgWg4TjVQJLSUXZ8ZV5BJsW0iDGm,Svend ,Lydster,Mechanic,5/13/2017 0:21,1/8/2018 18:39
107,klevenskyt@altervista.org,$2a$10$yVc/xUWfxLBE30hegXztN.XIslgWg4TjVQJLSUXZ8ZV5BJsW0iDGm,Kathrine ,Levensky,Comm Rep,4/16/2017 2:47,11/9/2017 5:33
108,hjarad0@go.com,$2a$10$yVc/xUWfxLBE30hegXztN.XIslgWg4TjVQJLSUXZ8ZV5BJsW0iDGm,Ollie ,McDavid,Customer,1/16/2017 23:01,5/3/2018 10:25
109,mkubicki1@slashdot.org,$2a$10$yVc/xUWfxLBE30hegXztN.XIslgWg4TjVQJLSUXZ8ZV5BJsW0iDGm,Cyrille ,Chapiro,Customer,4/23/2016 2:38,7/23/2017 23:09
110,tlepard2@facebook.com,$2a$10$yVc/xUWfxLBE30hegXztN.XIslgWg4TjVQJLSUXZ8ZV5BJsW0iDGm,Alli ,Ormesher,Customer,11/14/2016 17:18,7/6/2018 15:45
111,ecorby3@google.ru,$2a$10$yVc/xUWfxLBE30hegXztN.XIslgWg4TjVQJLSUXZ8ZV5BJsW0iDGm,Hillery ,Dunsmuir,Customer,9/7/2016 18:12,11/17/2017 3:05
112,mhinzer4@bizjournals.com,$2a$10$yVc/xUWfxLBE30hegXztN.XIslgWg4TjVQJLSUXZ8ZV5BJsW0iDGm,Brock ,Durnford,Customer,1/12/2017 1:25,12/7/2017 7:47
113,ekehir5@ucoz.ru,$2a$10$yVc/xUWfxLBE30hegXztN.XIslgWg4TjVQJLSUXZ8ZV5BJsW0iDGm,Benedict ,Arend,Customer,12/8/2016 15:50,10/9/2017 21:32
114,awaterstone6@google.nl,$2a$10$yVc/xUWfxLBE30hegXztN.XIslgWg4TjVQJLSUXZ8ZV5BJsW0iDGm,Gusta ,Phettis,Customer,3/22/2016 13:03,8/2/2017 15:36
115,aquogan7@lulu.com,$2a$10$yVc/xUWfxLBE30hegXztN.XIslgWg4TjVQJLSUXZ8ZV5BJsW0iDGm,Adams ,Sowte,Customer,4/9/2016 11:46,9/17/2017 1:13
116,mmcdell8@homestead.com,$2a$10$yVc/xUWfxLBE30hegXztN.XIslgWg4TjVQJLSUXZ8ZV5BJsW0iDGm,Del ,Giorgi,Customer,5/11/2017 7:53,7/26/2017 18:27
117,dmcgrotty9@mediafire.com,$2a$10$yVc/xUWfxLBE30hegXztN.XIslgWg4TjVQJLSUXZ8ZV5BJsW0iDGm,Haleigh ,Bernardos,Customer,12/4/2016 19:56,12/17/2017 3:51
118,rtingeya@spotify.com,$2a$10$yVc/xUWfxLBE30hegXztN.XIslgWg4TjVQJLSUXZ8ZV5BJsW0iDGm,Katey ,Jupp,Customer,11/29/2016 1:29,12/10/2017 21:22
119,sdianob@alibaba.com,$2a$10$yVc/xUWfxLBE30hegXztN.XIslgWg4TjVQJLSUXZ8ZV5BJsW0iDGm,Justinn ,Kivlin,Customer,4/11/2017 3:35,7/28/2017 11:08
120,sfugglesc@ning.com,$2a$10$yVc/xUWfxLBE30hegXztN.XIslgWg4TjVQJLSUXZ8ZV5BJsW0iDGm,Howard ,Pitkins,Customer,10/9/2016 13:14,9/2/2018 10:33
121,vfealtyd@wikispaces.com,$2a$10$yVc/xUWfxLBE30hegXztN.XIslgWg4TjVQJLSUXZ8ZV5BJsW0iDGm,Maurine ,Southam,Customer,11/10/2016 4:12,4/20/2018 3:24
122,zeaglinge@spotify.com,$2a$10$yVc/xUWfxLBE30hegXztN.XIslgWg4TjVQJLSUXZ8ZV5BJsW0iDGm,Henrieta Argontt,,Customer,12/12/2016 18:14,7/18/2018 2:19
123,lkordesf@hibu.com,$2a$10$yVc/xUWfxLBE30hegXztN.XIslgWg4TjVQJLSUXZ8ZV5BJsW0iDGm,Kasper ,De Lascy,Customer,5/17/2017 1:06,8/25/2018 3:43
124,mvassmang@ask.com,$2a$10$yVc/xUWfxLBE30hegXztN.XIslgWg4TjVQJLSUXZ8ZV5BJsW0iDGm,Garth ,Sharrem,Customer,7/13/2016 12:19,8/16/2018 15:53
125,aouryh@msn.com,$2a$10$yVc/xUWfxLBE30hegXztN.XIslgWg4TjVQJLSUXZ8ZV5BJsW0iDGm,Bendicty ,Palphreyman,Customer,3/4/2017 17:18,1/23/2019 23:14
126,gbloisi@state.tx.us,$2a$10$yVc/xUWfxLBE30hegXztN.XIslgWg4TjVQJLSUXZ8ZV5BJsW0iDGm,Walden ,Phebee,Customer,11/25/2016 18:46,11/27/2017 20:13
127,kyandellj@ucoz.com,$2a$10$yVc/xUWfxLBE30hegXztN.XIslgWg4TjVQJLSUXZ8ZV5BJsW0iDGm,Sterling ,Jeune,Customer,2/28/2017 7:06,12/5/2017 4:07
128,cgodfroyk@meetup.com,$2a$10$yVc/xUWfxLBE30hegXztN.XIslgWg4TjVQJLSUXZ8ZV5BJsW0iDGm,Cammie ,Deevey,Customer,6/9/2016 10:14,10/26/2018 5:12
129,mhamsonl@yellowpages.com,$2a$10$yVc/xUWfxLBE30hegXztN.XIslgWg4TjVQJLSUXZ8ZV5BJsW0iDGm,Anya ,Adger,Customer,12/2/2016 5:58,8/23/2017 5:41
130,vbroadeym@smh.com.au,$2a$10$yVc/xUWfxLBE30hegXztN.XIslgWg4TjVQJLSUXZ8ZV5BJsW0iDGm,Mellisa ,Stothard,Customer,12/26/2016 22:40,7/10/2017 14:20
131,dskillicornn@independent.co.uk,$2a$10$yVc/xUWfxLBE30hegXztN.XIslgWg4TjVQJLSUXZ8ZV5BJsW0iDGm,Roxine ,Pounder,Customer,4/3/2016 12:16,12/24/2017 4:38
132,amaccaugheno@cam.ac.uk,$2a$10$yVc/xUWfxLBE30hegXztN.XIslgWg4TjVQJLSUXZ8ZV5BJsW0iDGm,Cymbre ,Andries,Customer,9/21/2016 19:32,8/27/2018 23:32
133,bmorriesonp@nifty.com,$2a$10$yVc/xUWfxLBE30hegXztN.XIslgWg4TjVQJLSUXZ8ZV5BJsW0iDGm,Gelya ,Domican,Customer,8/9/2016 20:21,7/3/2018 12:32
134,jarnallq@about.com,$2a$10$yVc/xUWfxLBE30hegXztN.XIslgWg4TjVQJLSUXZ8ZV5BJsW0iDGm,Estel ,Debrick,Customer,5/2/2017 8:09,2/2/2019 12:20
135,hferraraccior@barnesandnoble.com,$2a$10$yVc/xUWfxLBE30hegXztN.XIslgWg4TjVQJLSUXZ8ZV5BJsW0iDGm,Lowell ,Obee,Customer,10/16/2016 10:33,1/24/2019 9:01
136,blelliotts@mail.ru,$2a$10$yVc/xUWfxLBE30hegXztN.XIslgWg4TjVQJLSUXZ8ZV5BJsW0iDGm,Randi ,Seyler,Customer,9/5/2016 5:50,11/2/2018 2:29
137,amccallumt@hibu.com,$2a$10$yVc/xUWfxLBE30hegXztN.XIslgWg4TjVQJLSUXZ8ZV5BJsW0iDGm,Consalve ,Tompkin,Customer,9/26/2016 2:34,9/7/2017 20:00
138,adahleru@yahoo.com,$2a$10$yVc/xUWfxLBE30hegXztN.XIslgWg4TjVQJLSUXZ8ZV5BJsW0iDGm,Matthias ,Whordley,Customer,7/11/2016 14:43,5/17/2018 14:43
139,lhandasidev@booking.com,$2a$10$yVc/xUWfxLBE30hegXztN.XIslgWg4TjVQJLSUXZ8ZV5BJsW0iDGm,Peyton ,Sondon,Customer,1/17/2017 15:16,10/12/2018 0:57
140,srentonw@ebay.com,$2a$10$yVc/xUWfxLBE30hegXztN.XIslgWg4TjVQJLSUXZ8ZV5BJsW0iDGm,Heloise ,Doblin,Customer,2/21/2017 19:28,2/18/2018 1:04
141,philippe.bouillon@codeboxx.biz,$2a$10$yVc/xUWfxLBE30hegXztN.XIslgWg4TjVQJLSUXZ8ZV5BJsW0iDGm,Philippe ,Bouillon,Comm Rep,5/1/2003,9/22/2018
142,felix-antoine.paradis@codeboxx.biz,$2a$10$yVc/xUWfxLBE30hegXztN.XIslgWg4TjVQJLSUXZ8ZV5BJsW0iDGm,Felix-Antoine ,Paradis,Engineer,1/6/2005,9/22/2018
143,remi.gagnon@codeboxx.biz,$2a$10$yVc/xUWfxLBE30hegXztN.XIslgWg4TjVQJLSUXZ8ZV5BJsW0iDGm,Remi ,Gagnon,Engineer,5/11/2002,9/22/2018
144,mathieu.lefrancois@codeboxx.biz,$2a$10$yVc/xUWfxLBE30hegXztN.XIslgWg4TjVQJLSUXZ8ZV5BJsW0iDGm,Mathieu,LeFrancois,Engineer,3/10/2007,9/22/2018
145,mathieu.houde@codeboxx.biz,$2a$10$yVc/xUWfxLBE30hegXztN.XIslgWg4TjVQJLSUXZ8ZV5BJsW0iDGm,Mathieu ,Houde,Engineer,10/6/2004,9/22/2018
146,serge.savoie@codeboxx.biz,$2a$10$yVc/xUWfxLBE30hegXztN.XIslgWg4TjVQJLSUXZ8ZV5BJsW0iDGm,Serge ,Savoie,Engineer,5/4/2015,9/22/2018
147,nadya.fortier@codeboxx.biz,$2a$10$yVc/xUWfxLBE30hegXztN.XIslgWg4TjVQJLSUXZ8ZV5BJsW0iDGm,Nadya ,Fortier,Director,3/3/2000,9/22/2018
148,cledson0@photobucket.com,$2a$10$yVc/xUWfxLBE30hegXztN.XIslgWg4TjVQJLSUXZ8ZV5BJsW0iDGm,Clary ,Ledson,Mechanic,12/5/2016 17:41,1/6/2018 12:51
149,lmc1@about.me,$2a$10$yVc/xUWfxLBE30hegXztN.XIslgWg4TjVQJLSUXZ8ZV5BJsW0iDGm,Lee ,Mc Pake,Mechanic,6/1/2016 16:24,12/9/2018 6:54
150,bgreeson2@imgur.com,$2a$10$yVc/xUWfxLBE30hegXztN.XIslgWg4TjVQJLSUXZ8ZV5BJsW0iDGm,Britte ,Greeson,Mechanic,9/11/2016 21:52,2/11/2019 14:11
151,itedahl3@yandex.ru,$2a$10$yVc/xUWfxLBE30hegXztN.XIslgWg4TjVQJLSUXZ8ZV5BJsW0iDGm,Jonathan ,Pagani,Designer,11/13/2016 3:05,5/8/2018 2:43
152,bshapland4@bbb.org,$2a$10$yVc/xUWfxLBE30hegXztN.XIslgWg4TjVQJLSUXZ8ZV5BJsW0iDGm,Bryana ,Shapland,Mechanic,12/18/2016 15:24,5/19/2018 22:44
153,measthope5@flickr.com,$2a$10$yVc/xUWfxLBE30hegXztN.XIslgWg4TjVQJLSUXZ8ZV5BJsW0iDGm,Michelina ,Easthope,Mechanic,8/10/2016 12:49,2/24/2018 8:03
154,getoverhere@konami.com,$2a$10$yVc/xUWfxLBE30hegXztN.XIslgWg4TjVQJLSUXZ8ZV5BJsW0iDGm,Simon ,Fortier,Designer,11/24/2016 19:04,10/15/2017 12:25
155,tparadyce7@webeden.co.uk,$2a$10$yVc/xUWfxLBE30hegXztN.XIslgWg4TjVQJLSUXZ8ZV5BJsW0iDGm,Tomlin ,Paradyce,Electrician,7/14/2016 11:33,9/16/2017 3:08
156,jblinman8@booking.com,$2a$10$yVc/xUWfxLBE30hegXztN.XIslgWg4TjVQJLSUXZ8ZV5BJsW0iDGm,Juliette ,Blinman,Electrician,7/7/2016 14:44,12/24/2017 13:37
157,nrapkins9@paginegialle.it,$2a$10$yVc/xUWfxLBE30hegXztN.XIslgWg4TjVQJLSUXZ8ZV5BJsW0iDGm,Nomi ,Rapkins,Electrician,7/21/2016 15:55,1/22/2019 8:25
158,samass@britney.com,$2a$10$yVc/xUWfxLBE30hegXztN.XIslgWg4TjVQJLSUXZ8ZV5BJsW0iDGm,Samuel ,Asselin,Designer,2/26/2017 19:55,4/11/2018 18:21
159,ahardcastleb@wsj.com,$2a$10$yVc/xUWfxLBE30hegXztN.XIslgWg4TjVQJLSUXZ8ZV5BJsW0iDGm,Alta ,Hardcastle,Electrician,8/13/2016 17:43,6/18/2017 14:15
160,eholcroftc@zimbio.com,$2a$10$yVc/xUWfxLBE30hegXztN.XIslgWg4TjVQJLSUXZ8ZV5BJsW0iDGm,Eben ,Holcroft,Electrician,9/4/2016 4:55,3/19/2018 17:56
161,woodyandbuzz3@forever.com,$2a$10$yVc/xUWfxLBE30hegXztN.XIslgWg4TjVQJLSUXZ8ZV5BJsW0iDGm,Woody ,Buzz,Electrician,10/8/2016 14:37,3/26/2018 20:32
162,chevy.chialar@deliciousdays.com,$2a$10$yVc/xUWfxLBE30hegXztN.XIslgWg4TjVQJLSUXZ8ZV5BJsW0iDGm,Gabriel ,Chevanel,Designer,9/24/2016 23:46,8/6/2018 13:30
163,mcanningf@bizjournals.com,$2a$10$yVc/xUWfxLBE30hegXztN.XIslgWg4TjVQJLSUXZ8ZV5BJsW0iDGm,Maddie ,Canning,Electrician,7/23/2016 18:07,8/30/2017 11:44
164,anafzigerg@reference.com,$2a$10$yVc/xUWfxLBE30hegXztN.XIslgWg4TjVQJLSUXZ8ZV5BJsW0iDGm,Alfonse ,Nafziger,Electrician,6/6/2017 3:31,12/17/2017 21:53
165,hleacockh@slideshare.net,$2a$10$yVc/xUWfxLBE30hegXztN.XIslgWg4TjVQJLSUXZ8ZV5BJsW0iDGm,Hilarius ,Leacock,Electrician,5/4/2017 19:19,12/19/2018 23:00
166,sracki@desdev.cn,$2a$10$yVc/xUWfxLBE30hegXztN.XIslgWg4TjVQJLSUXZ8ZV5BJsW0iDGm,Sile ,Rack,Electrician,5/14/2017 3:23,6/8/2018 1:14
167,csiburnj@godaddy.com,$2a$10$yVc/xUWfxLBE30hegXztN.XIslgWg4TjVQJLSUXZ8ZV5BJsW0iDGm,Colet ,Siburn,Electrician,5/15/2016 3:01,10/11/2018 6:15
168,mbohlingk@goodreads.com,$2a$10$yVc/xUWfxLBE30hegXztN.XIslgWg4TjVQJLSUXZ8ZV5BJsW0iDGm,Melina ,Bohling,Electrician,6/4/2017 10:16,11/27/2018 12:39
169,lbordonel@irs.gov,$2a$10$yVc/xUWfxLBE30hegXztN.XIslgWg4TjVQJLSUXZ8ZV5BJsW0iDGm,Luciana ,Bordone,Electrician,11/24/2016 13:05,7/4/2017 13:26
170,vbroadeym@smh.com.au,$2a$10$yVc/xUWfxLBE30hegXztN.XIslgWg4TjVQJLSUXZ8ZV5BJsW0iDGm,Mellisa ,Stothard,Customer,12/26/2016 22:40,7/10/2017 14:20
171,dskillicornn@independent.co.uk,$2a$10$yVc/xUWfxLBE30hegXztN.XIslgWg4TjVQJLSUXZ8ZV5BJsW0iDGm,Roxine ,Pounder,Customer,4/3/2016 12:16,12/24/2017 4:38
172,amaccaugheno@cam.ac.uk,$2a$10$yVc/xUWfxLBE30hegXztN.XIslgWg4TjVQJLSUXZ8ZV5BJsW0iDGm,Cymbre ,Andries,Customer,9/21/2016 19:32,8/27/2018 23:32
173,bmorriesonp@nifty.com,$2a$10$yVc/xUWfxLBE30hegXztN.XIslgWg4TjVQJLSUXZ8ZV5BJsW0iDGm,Gelya ,Domican,Customer,8/9/2016 20:21,7/3/2018 12:32
174,jarnallq@about.com,$2a$10$yVc/xUWfxLBE30hegXztN.XIslgWg4TjVQJLSUXZ8ZV5BJsW0iDGm,Estel ,Debrick,Customer,5/2/2017 8:09,2/2/2019 12:20
175,hferraraccior@barnesandnoble.com,$2a$10$yVc/xUWfxLBE30hegXztN.XIslgWg4TjVQJLSUXZ8ZV5BJsW0iDGm,Lowell ,Obee,Customer,10/16/2016 10:33,1/24/2019 9:01
176,blelliotts@mail.ru,$2a$10$yVc/xUWfxLBE30hegXztN.XIslgWg4TjVQJLSUXZ8ZV5BJsW0iDGm,Randi ,Seyler,Customer,9/5/2016 5:50,11/2/2018 2:29
177,amccallumt@hibu.com,$2a$10$yVc/xUWfxLBE30hegXztN.XIslgWg4TjVQJLSUXZ8ZV5BJsW0iDGm,Consalve ,Tompkin,Customer,9/26/2016 2:34,9/7/2017 20:00
178,adahleru@yahoo.com,$2a$10$yVc/xUWfxLBE30hegXztN.XIslgWg4TjVQJLSUXZ8ZV5BJsW0iDGm,Matthias ,Whordley,Customer,7/11/2016 14:43,5/17/2018 14:43
179,lhandasidev@booking.com,$2a$10$yVc/xUWfxLBE30hegXztN.XIslgWg4TjVQJLSUXZ8ZV5BJsW0iDGm,Peyton ,Sondon,Customer,1/17/2017 15:16,10/12/2018 0:577
180,sdianob@alibaba.com,$2a$10$yVc/xUWfxLBE30hegXztN.XIslgWg4TjVQJLSUXZ8ZV5BJsW0iDGm,Justinn ,Kivlin,Customer,4/11/2017 3:35,7/28/2017 11:08
181,sfugglesc@ning.com,$2a$10$yVc/xUWfxLBE30hegXztN.XIslgWg4TjVQJLSUXZ8ZV5BJsW0iDGm,Howard ,Pitkins,Customer,10/9/2016 13:14,9/2/2018 10:33
182,vfealtyd@wikispaces.com,$2a$10$yVc/xUWfxLBE30hegXztN.XIslgWg4TjVQJLSUXZ8ZV5BJsW0iDGm,Maurine ,Southam,Customer,11/10/2016 4:12,4/20/2018 3:24
183,zeaglinge@spotify.com,$2a$10$yVc/xUWfxLBE30hegXztN.XIslgWg4TjVQJLSUXZ8ZV5BJsW0iDGm,Henrieta Argontt,,Customer,12/12/2016 18:14,7/18/2018 2:19
184,lkordesf@hibu.com,$2a$10$yVc/xUWfxLBE30hegXztN.XIslgWg4TjVQJLSUXZ8ZV5BJsW0iDGm,Kasper ,De Lascy,Customer,5/17/2017 1:06,8/25/2018 3:43
185,mvassmang@ask.com,$2a$10$yVc/xUWfxLBE30hegXztN.XIslgWg4TjVQJLSUXZ8ZV5BJsW0iDGm,Garth ,Sharrem,Customer,7/13/2016 12:19,8/16/2018 15:53
186,aouryh@msn.com,$2a$10$yVc/xUWfxLBE30hegXztN.XIslgWg4TjVQJLSUXZ8ZV5BJsW0iDGm,Bendicty ,Palphreyman,Customer,3/4/2017 17:18,1/23/2019 23:14
187,gbloisi@state.tx.us,$2a$10$yVc/xUWfxLBE30hegXztN.XIslgWg4TjVQJLSUXZ8ZV5BJsW0iDGm,Walden ,Phebee,Customer,11/25/2016 18:46,11/27/2017 20:13
188,kyandellj@ucoz.com,$2a$10$yVc/xUWfxLBE30hegXztN.XIslgWg4TjVQJLSUXZ8ZV5BJsW0iDGm,Sterling ,Jeune,Customer,2/28/2017 7:06,12/5/2017 4:07
189,cgodfroyk@meetup.com,$2a$10$yVc/xUWfxLBE30hegXztN.XIslgWg4TjVQJLSUXZ8ZV5BJsW0iDGm,Cammie ,Deevey,Customer,6/9/2016 10:14,10/26/2018 5:12
190,mhamsonl@yellowpages.com,$2a$10$yVc/xUWfxLBE30hegXztN.XIslgWg4TjVQJLSUXZ8ZV5BJsW0iDGm,Anya ,Adger,Customer,12/2/2016 5:58,8/23/2017 5:41
191,vbroadeym@smh.com.au,$2a$10$yVc/xUWfxLBE30hegXztN.XIslgWg4TjVQJLSUXZ8ZV5BJsW0iDGm,Mellisa ,Stothard,Customer,12/26/2016 22:40,7/10/2017 14:20
192,dskillicornn@independent.co.uk,$2a$10$yVc/xUWfxLBE30hegXztN.XIslgWg4TjVQJLSUXZ8ZV5BJsW0iDGm,Roxine ,Pounder,Customer,4/3/2016 12:16,12/24/2017 4:38
193,amaccaugheno@cam.ac.uk,$2a$10$yVc/xUWfxLBE30hegXztN.XIslgWg4TjVQJLSUXZ8ZV5BJsW0iDGm,Cymbre ,Andries,Customer,9/21/2016 19:32,8/27/2018 23:32
194,bmorriesonp@nifty.com,$2a$10$yVc/xUWfxLBE30hegXztN.XIslgWg4TjVQJLSUXZ8ZV5BJsW0iDGm,Gelya ,Domican,Customer,8/9/2016 20:21,7/3/2018 12:32
195,jarnallq@about.com,$2a$10$yVc/xUWfxLBE30hegXztN.XIslgWg4TjVQJLSUXZ8ZV5BJsW0iDGm,Estel ,Debrick,Customer,5/2/2017 8:09,2/2/2019 12:20
196,hferraraccior@barnesandnoble.com,$2a$10$yVc/xUWfxLBE30hegXztN.XIslgWg4TjVQJLSUXZ8ZV5BJsW0iDGm,Lowell ,Obee,Customer,10/16/2016 10:33,1/24/2019 9:01
197,blelliotts@mail.ru,$2a$10$yVc/xUWfxLBE30hegXztN.XIslgWg4TjVQJLSUXZ8ZV5BJsW0iDGm,Randi ,Seyler,Customer,9/5/2016 5:50,11/2/2018 2:29
198,amccallumt@hibu.com,$2a$10$yVc/xUWfxLBE30hegXztN.XIslgWg4TjVQJLSUXZ8ZV5BJsW0iDGm,Consalve ,Tompkin,Customer,9/26/2016 2:34,9/7/2017 20:00
199,adahleru@yahoo.com,$2a$10$yVc/xUWfxLBE30hegXztN.XIslgWg4TjVQJLSUXZ8ZV5BJsW0iDGm,Matthias ,Whordley,Customer,7/11/2016 14:43,5/17/2018 14:43
200,lhandasidev@booking.com,$2a$10$yVc/xUWfxLBE30hegXztN.XIslgWg4TjVQJLSUXZ8ZV5BJsW0iDGm,Peyton ,Sondon,Customer,1/17/2017 15:16,10/12/2018 0:57